EmployeeID,Department,JobLevel,MonthlyIncome,YearsAtCompany,JobSatisfaction,WorkLifeBalance,OverTime,PerformanceRating,Attrition
E3000,HR,4,4656.57,9,3,3,Yes,3,No
E3001,Engineering,2,3887.19,15,4,1,No,4,No
E3002,Operations,2,4488.3,4,2,2,Yes,4,No
E3003,Operations,3,7829.49,9,3,4,No,3,Yes
E3004,Engineering,5,9419.54,3,5,4,No,4,No
E3005,Engineering,1,7822.8,5,5,3,Yes,4,No
E3006,Marketing,3,5762.95,19,3,4,No,4,No
E3007,HR,1,5117.76,13,2,1,No,4,No
E3008,Finance,2,6861.35,2,2,4,No,4,No
E3009,Finance,3,4209.07,0,3,4,No,2,No
E3010,Operations,3,8444.29,24,2,3,Yes,3,Yes
E3011,Marketing,4,7312.87,13,3,1,No,3,No
E3012,Operations,2,4370.95,9,3,5,No,4,No
E3013,Sales,4,9781.02,4,1,5,No,3,No
E3014,HR,2,3846.4,5,3,5,No,2,No
E3015,Engineering,1,6613.87,16,3,1,No,3,No
E3016,Engineering,2,8334.3,1,5,1,No,4,No
E3017,Engineering,1,8115.53,10,3,3,No,4,No
E3018,Marketing,2,5125.01,19,3,5,No,3,No
E3019,Marketing,2,5592.96,18,1,2,No,4,No
E3020,Engineering,2,4397.38,10,1,2,Yes,4,Yes
E3021,Finance,2,6981.33,14,4,5,Yes,2,No
E3022,HR,3,8304.2,17,3,1,Yes,3,No
E3023,Operations,2,2500.0,12,3,4,No,3,No
E3024,Marketing,1,7722.92,17,2,3,No,3,No
E3025,HR,5,5417.74,16,1,2,No,3,No
E3026,HR,4,6295.43,8,5,4,No,3,No
E3027,HR,1,4157.37,5,4,2,No,5,No
E3028,HR,2,5138.66,6,3,5,Yes,3,No
E3029,Marketing,2,10883.11,23,3,4,Yes,3,No
E3030,Sales,5,5755.71,2,1,1,Yes,3,Yes
E3031,Sales,3,6476.05,1,5,5,No,2,No
E3032,HR,3,4487.32,18,4,4,No,3,No
E3033,HR,1,12182.27,8,3,3,Yes,3,No
E3034,HR,1,7524.99,19,5,4,No,3,No
E3035,Marketing,4,6452.7,1,2,5,No,3,Yes
E3036,Finance,2,8524.8,20,2,3,No,4,No
E3037,Engineering,1,7280.95,14,4,4,No,4,No
E3038,Engineering,2,6121.37,0,5,5,No,3,No
E3039,Sales,3,6217.77,9,3,4,Yes,3,No
E3040,Sales,2,3113.69,0,1,3,Yes,3,Yes
E3041,Engineering,2,5695.78,1,5,2,No,3,No
E3042,Operations,2,5388.29,1,1,2,No,3,No
E3043,Marketing,2,7206.32,16,3,1,No,3,No
E3044,Operations,5,6034.18,12,3,3,No,5,No
E3045,Marketing,2,8008.75,23,2,3,No,4,No
E3046,Engineering,4,6719.39,17,5,2,No,4,Yes
E3047,Finance,1,4649.28,2,3,4,Yes,3,No
E3048,Operations,3,9775.24,22,4,2,No,4,No
E3049,Marketing,2,5649.44,5,1,3,No,3,No
E3050,Engineering,2,7719.33,8,5,4,No,3,No
E3051,Engineering,3,3615.62,6,2,2,Yes,3,Yes
E3052,Marketing,2,8194.31,9,1,1,No,5,Yes
E3053,Finance,4,2900.95,17,3,2,No,4,No
E3054,Operations,3,10761.61,4,3,3,Yes,3,No
E3055,Finance,1,8006.38,9,4,5,No,5,No
E3056,Sales,2,6021.45,21,4,1,No,3,No
E3057,Sales,1,7757.06,18,2,1,No,3,No
E3058,Engineering,1,3711.75,7,2,2,No,3,Yes
E3059,Finance,2,6054.95,11,1,1,No,4,No
E3060,Marketing,3,8138.89,16,5,5,No,3,No
E3061,Finance,3,7760.71,0,2,1,Yes,4,No
E3062,Finance,4,6482.96,19,5,4,Yes,5,Yes
E3063,Operations,2,7194.24,4,3,3,No,4,No
E3064,Operations,1,8877.46,9,5,5,Yes,3,No
E3065,Operations,3,8090.64,8,3,3,No,3,No
E3066,Engineering,1,2500.0,2,5,5,Yes,3,Yes
E3067,Engineering,3,6482.92,15,5,4,No,3,No
E3068,Operations,2,6541.06,7,1,5,Yes,4,No
E3069,Sales,2,3748.92,17,1,3,No,3,Yes
E3070,Operations,2,4177.24,8,1,1,Yes,3,Yes
E3071,Marketing,2,9793.95,16,3,4,Yes,3,No
E3072,Finance,1,4902.8,24,1,2,Yes,4,Yes
E3073,Operations,3,5568.46,1,1,1,No,3,No
E3074,Finance,2,4740.66,1,2,3,Yes,3,Yes
E3075,HR,3,7409.26,9,5,3,No,3,No
E3076,Engineering,3,7114.59,19,2,5,No,3,Yes
E3077,Finance,1,10764.57,15,4,4,No,4,No
E3078,Marketing,2,5319.64,24,2,4,Yes,3,No
E3079,Operations,4,7651.9,15,2,2,No,3,No
E3080,HR,2,2500.0,21,1,3,Yes,3,No
E3081,Sales,1,3379.88,14,3,2,No,3,No
E3082,Marketing,3,9429.32,4,3,3,No,3,No
E3083,Sales,2,8931.18,10,5,2,No,4,No
E3084,Engineering,2,7476.56,15,5,2,Yes,4,No
E3085,Finance,1,8978.41,0,1,2,No,3,Yes
E3086,Marketing,1,4133.51,9,3,5,No,3,No
E3087,Sales,3,10135.85,13,2,1,No,3,No
E3088,Engineering,2,4223.31,10,4,5,Yes,3,No
E3089,Marketing,2,7213.17,6,3,5,Yes,3,No
E3090,Sales,4,12598.21,10,2,2,No,3,Yes
E3091,Engineering,2,4559.52,8,2,2,No,3,Yes
E3092,Sales,3,9466.6,18,3,2,Yes,3,Yes
E3093,Operations,4,8626.04,14,1,5,No,3,Yes
E3094,Engineering,2,5326.01,22,3,1,Yes,4,No
E3095,Operations,3,11098.07,11,1,1,No,4,No
E3096,Sales,3,4494.35,16,1,1,No,3,No
E3097,Sales,2,6419.42,10,2,2,No,3,No
E3098,Sales,4,7911.38,18,4,4,No,3,No
E3099,Sales,2,6289.75,10,4,3,Yes,2,No
E3100,Sales,2,13338.67,19,5,3,No,3,No
E3101,Engineering,3,3732.13,19,5,1,No,3,No
E3102,Marketing,3,10059.45,5,2,4,No,4,No
E3103,Finance,2,2500.0,12,2,5,Yes,3,No
E3104,Operations,3,2500.0,19,5,2,No,3,No
E3105,Sales,3,6616.45,15,5,3,No,3,No
E3106,Marketing,2,8121.52,16,4,2,No,3,No
E3107,Marketing,2,9778.18,2,3,5,No,4,No
E3108,Finance,1,10038.39,22,2,3,Yes,3,No
E3109,Operations,3,6939.96,15,1,2,Yes,5,No
E3110,HR,5,7596.41,1,5,2,No,3,Yes
E3111,Engineering,2,7034.54,1,3,1,No,5,No
E3112,Marketing,1,9857.07,6,1,5,No,3,Yes
E3113,Sales,4,3782.05,19,2,5,No,5,No
E3114,HR,2,5037.48,16,4,3,No,5,No
E3115,Sales,3,8383.54,0,2,2,Yes,3,Yes
E3116,Engineering,2,8816.12,7,5,1,No,3,No
E3117,Operations,3,9460.73,18,2,2,Yes,4,No
E3118,Operations,2,6344.86,6,5,1,No,3,No
E3119,Marketing,3,5404.16,13,3,4,No,3,No
E3120,Operations,2,8048.37,19,5,1,No,5,Yes
E3121,Finance,2,4087.09,17,3,2,No,4,No
E3122,Marketing,3,10165.8,24,4,2,Yes,4,Yes
E3123,Finance,4,5393.57,6,2,4,No,4,Yes
E3124,Finance,4,5891.28,12,2,3,No,4,No
E3125,HR,1,8152.84,13,1,5,No,4,No
E3126,Engineering,2,4902.14,10,3,2,No,4,No
E3127,Operations,1,3971.53,21,3,3,No,3,No
E3128,Marketing,4,9036.09,8,4,3,No,3,No
E3129,Marketing,1,4205.24,5,5,2,No,4,No
E3130,Operations,3,7071.63,0,5,4,Yes,4,No
E3131,Engineering,3,6547.34,0,2,5,No,3,Yes
E3132,Operations,3,2500.0,2,1,1,No,3,No
E3133,Marketing,3,4197.18,18,3,5,No,5,No
E3134,HR,2,7280.21,14,5,5,No,3,No
E3135,Engineering,2,9212.58,17,4,4,Yes,3,No
E3136,Finance,1,4823.27,5,3,4,No,4,No
E3137,Engineering,1,4550.87,3,3,4,Yes,3,No
E3138,Marketing,1,7889.0,19,5,2,No,3,No
E3139,Marketing,4,8264.05,8,4,4,No,4,No
E3140,Finance,2,8554.85,19,5,3,No,2,No
E3141,Finance,1,6985.73,10,1,3,Yes,3,No
E3142,Engineering,1,5332.95,3,2,5,Yes,3,Yes
E3143,Sales,2,8224.13,0,1,2,Yes,3,No
E3144,Sales,1,6315.41,2,3,1,No,2,No
E3145,Sales,3,7976.21,9,1,1,No,4,No
E3146,HR,3,5358.67,7,5,3,No,4,No
E3147,Engineering,3,6038.14,2,5,1,No,4,No
E3148,HR,4,7677.88,5,5,5,Yes,3,No
E3149,Engineering,1,2500.0,24,1,1,No,4,No
E3150,Operations,3,9445.21,15,3,4,No,4,No
E3151,Marketing,3,6389.17,24,5,2,No,5,No
E3152,Sales,3,2500.0,12,3,4,No,4,No
E3153,Operations,2,6871.79,14,1,1,No,3,No
E3154,Marketing,2,5546.77,12,4,5,No,3,No
E3155,HR,2,4206.9,11,3,1,No,3,No
E3156,Finance,2,10807.12,7,5,2,No,4,No
E3157,Operations,3,8341.4,24,3,3,No,4,No
E3158,Finance,2,6152.5,1,2,4,No,2,No
E3159,Engineering,4,6619.81,16,4,2,Yes,3,Yes
E3160,Engineering,5,7087.58,22,4,1,No,3,Yes
E3161,Sales,2,2917.59,3,1,5,No,4,No
E3162,Operations,5,12283.39,23,2,5,No,3,No
E3163,HR,2,6597.86,5,4,4,No,4,No
E3164,Marketing,1,10478.64,24,5,2,No,4,No
E3165,HR,4,4634.23,16,5,5,No,3,No
E3166,Finance,2,7790.86,11,1,1,Yes,3,Yes
E3167,Sales,1,3896.24,23,5,1,No,4,No
E3168,Sales,1,2500.0,4,3,4,No,3,No
E3169,Finance,3,8489.58,8,5,2,Yes,4,No
E3170,Operations,1,6928.89,14,2,4,Yes,3,No
E3171,HR,3,5333.43,2,5,4,No,3,No
E3172,Finance,4,2500.0,4,3,1,No,3,No
E3173,Engineering,4,5464.77,18,2,4,No,3,Yes
E3174,Operations,4,7101.95,3,2,3,Yes,5,No
E3175,Finance,1,4129.93,5,1,2,No,4,No
E3176,Marketing,3,6790.12,22,5,3,Yes,3,No
E3177,Operations,4,5103.65,2,3,5,Yes,4,No
E3178,Marketing,1,3856.27,15,4,1,Yes,3,Yes
E3179,Marketing,5,6186.92,17,2,3,No,2,No
E3180,HR,3,2500.0,2,2,4,No,3,No
E3181,Marketing,4,7603.14,13,5,5,Yes,3,No
E3182,HR,2,6716.37,10,1,3,Yes,4,Yes
E3183,Sales,1,7830.8,10,3,3,Yes,4,No
E3184,Marketing,4,8982.92,8,3,1,No,4,Yes
E3185,Sales,2,5944.06,1,2,3,Yes,3,Yes
E3186,Sales,4,2500.0,12,3,5,No,4,Yes
E3187,Finance,1,5935.19,0,5,2,No,2,No
E3188,Operations,2,3980.91,10,2,3,No,4,No
E3189,HR,3,9651.92,10,2,1,No,3,Yes
E3190,Finance,4,5684.21,15,2,2,No,3,No
E3191,Marketing,2,8350.95,15,3,1,No,4,No
E3192,Finance,3,9714.23,18,5,5,No,2,Yes
E3193,Operations,2,4855.01,21,3,2,Yes,3,Yes
E3194,Finance,1,6666.11,12,4,5,Yes,5,No
E3195,Finance,3,6586.32,14,5,5,Yes,2,Yes
E3196,Finance,3,11353.79,12,1,1,No,4,No
E3197,Marketing,4,9285.46,12,3,2,No,4,No
E3198,HR,1,4158.69,14,5,3,No,5,No
E3199,HR,1,5156.54,4,2,5,No,2,Yes
E3200,Operations,3,5479.41,0,2,5,No,4,No
E3201,Finance,2,4713.01,3,1,5,No,3,No
E3202,Sales,3,5803.74,4,1,3,No,3,No
E3203,Operations,1,5334.05,15,3,3,Yes,3,No
E3204,Sales,4,6579.93,2,4,1,No,5,No
E3205,Finance,2,6246.53,8,4,3,No,3,No
E3206,Engineering,3,9038.19,2,3,1,No,3,No
E3207,Engineering,1,4824.11,3,2,5,No,3,No
E3208,Finance,1,2827.84,16,3,2,No,2,No
E3209,Sales,2,5414.84,9,4,3,Yes,3,No
E3210,HR,2,5150.87,20,2,2,No,3,No
E3211,Sales,2,9741.27,18,3,5,No,3,No
E3212,Sales,1,8359.86,6,3,4,Yes,4,No
E3213,HR,2,9355.3,1,1,4,No,4,Yes
E3214,Finance,2,8617.67,24,4,5,Yes,3,No
E3215,Operations,2,2500.0,3,1,2,No,3,No
E3216,Marketing,2,4624.4,17,3,5,Yes,3,No
E3217,Engineering,3,3203.05,14,1,4,No,4,No
E3218,HR,1,9947.63,20,2,1,No,2,No
E3219,Marketing,1,8348.03,13,3,1,No,4,No
E3220,Engineering,2,7376.25,0,1,4,No,4,No
E3221,Finance,1,5248.79,3,5,3,No,5,No
E3222,Operations,3,5497.22,20,5,5,Yes,4,No
E3223,HR,3,4607.73,15,2,1,No,3,No
E3224,Marketing,1,7929.72,19,3,4,No,3,No
E3225,Engineering,2,6728.08,15,4,3,No,2,No
E3226,Sales,1,8026.36,24,3,1,No,3,No
E3227,Sales,4,7420.91,2,5,5,No,3,No
E3228,Finance,2,8316.2,2,5,1,No,3,No
E3229,Finance,2,7636.42,18,3,1,No,3,No
E3230,Finance,3,8924.62,1,4,5,No,3,No
E3231,HR,1,8127.44,2,5,2,No,3,No
E3232,HR,1,5368.62,18,5,5,No,3,No
E3233,Marketing,4,7576.37,18,2,3,No,3,No
E3234,HR,2,7180.41,21,5,3,No,5,No
E3235,Operations,2,6080.85,6,3,2,No,3,No
E3236,Marketing,1,6462.02,16,5,1,No,4,No
E3237,Sales,3,8715.05,5,3,1,No,4,No
E3238,Engineering,1,7689.99,24,5,1,No,3,No
E3239,Finance,2,8547.35,16,1,1,No,3,Yes
E3240,Operations,1,6588.43,19,4,5,No,2,No
E3241,Marketing,2,9029.61,16,3,2,Yes,3,No
E3242,Operations,1,8201.71,24,1,5,No,3,Yes
E3243,Marketing,1,4726.32,6,4,2,No,4,No
E3244,Marketing,3,5712.41,19,3,3,No,3,Yes
E3245,Marketing,3,4630.65,24,1,3,Yes,4,No
E3246,Finance,1,4125.16,5,1,5,No,3,Yes
E3247,Operations,1,12395.21,9,4,5,No,4,No
E3248,Marketing,3,10169.83,17,5,1,Yes,3,No
E3249,Engineering,2,9042.48,10,3,3,No,4,No
E3250,Finance,3,7487.77,17,2,5,No,3,No
E3251,Finance,2,5307.5,5,2,1,Yes,3,Yes
E3252,HR,3,4061.95,1,4,5,No,3,No
E3253,Operations,2,6038.49,1,2,2,Yes,4,Yes
E3254,Operations,2,4915.34,4,3,4,No,3,No
E3255,Marketing,3,8070.48,20,5,2,No,3,Yes
E3256,Engineering,1,6834.53,16,4,3,No,3,No
E3257,Marketing,1,8383.85,8,5,3,No,3,No
E3258,Marketing,2,7033.26,16,4,2,No,2,Yes
E3259,Finance,2,2780.59,12,2,4,No,3,No
E3260,HR,4,6120.74,4,1,1,No,3,Yes
E3261,Engineering,1,7352.63,19,3,1,Yes,4,Yes
E3262,Operations,1,7104.76,0,2,4,Yes,3,Yes
E3263,Finance,1,5279.81,2,3,3,No,3,No
E3264,Finance,4,5421.96,6,5,3,No,2,No
E3265,Marketing,4,5036.87,15,4,2,Yes,4,No
E3266,Operations,4,2826.04,8,1,1,Yes,3,Yes
E3267,Finance,4,6436.03,9,2,4,Yes,5,No
E3268,Sales,4,8214.13,13,1,2,No,3,No
E3269,Sales,5,5453.37,20,2,2,No,4,No
E3270,Operations,2,3767.68,8,5,5,No,5,No
E3271,HR,3,8687.6,9,1,5,No,4,Yes
E3272,Sales,1,9498.06,0,4,2,No,3,Yes
E3273,Operations,4,5530.95,23,1,2,No,5,No
E3274,Operations,1,4436.68,21,1,5,Yes,3,No
E3275,Marketing,3,6181.34,9,1,2,No,4,Yes
E3276,Engineering,2,7117.89,21,3,3,No,4,No
E3277,HR,3,5511.13,0,1,1,No,3,Yes
E3278,Finance,3,3046.06,1,1,5,No,4,No
E3279,Operations,2,8613.46,13,2,1,No,3,Yes
E3280,Engineering,5,7032.81,13,4,2,No,4,No
E3281,Engineering,2,9907.46,3,2,4,No,3,No
E3282,Finance,3,6593.12,12,1,5,No,4,Yes
E3283,HR,4,9739.07,3,1,3,No,3,No
E3284,Marketing,3,6001.87,11,1,5,Yes,3,No
E3285,Engineering,2,5170.58,12,5,3,No,3,No
E3286,Sales,2,5399.5,5,3,3,No,3,No
E3287,Operations,3,10513.38,7,1,1,Yes,3,Yes
E3288,Operations,2,6087.29,12,1,2,No,3,No
E3289,Marketing,1,9979.5,13,5,1,No,3,No
E3290,Engineering,1,5484.93,24,5,2,No,4,No
E3291,Operations,2,3453.86,16,4,3,No,2,No
E3292,Marketing,2,8037.67,18,3,5,No,5,No
E3293,Finance,5,5088.91,22,4,5,No,3,No
E3294,Engineering,3,7168.06,9,3,3,No,4,No
E3295,Finance,5,6942.22,7,2,3,No,4,No
E3296,Finance,3,6909.68,14,3,2,No,3,Yes
E3297,Marketing,4,10126.86,12,5,5,No,3,No
E3298,HR,1,7055.02,16,2,2,Yes,2,Yes
E3299,Marketing,3,6763.06,19,2,5,Yes,3,No
E3300,Engineering,1,5719.51,15,4,3,No,5,No
E3301,Operations,1,7683.39,14,1,1,No,3,No
E3302,Operations,1,7481.22,20,3,3,No,4,No
E3303,Finance,3,5616.81,9,1,5,No,4,No
E3304,Finance,3,8572.79,4,1,2,No,4,Yes
E3305,Operations,2,6049.8,2,2,4,Yes,3,No
E3306,Sales,4,7776.35,4,4,5,No,4,No
E3307,HR,4,3582.48,4,1,1,No,3,No
E3308,Marketing,4,8509.91,11,1,5,Yes,3,No
E3309,HR,3,4920.27,0,5,4,No,4,No
E3310,Sales,3,7985.92,19,5,4,No,3,No
E3311,Marketing,2,9317.89,15,3,3,No,5,No
E3312,Operations,2,7402.05,6,3,4,No,3,No
E3313,Finance,1,9035.72,12,5,1,No,3,No
E3314,Marketing,5,4127.5,2,2,5,No,4,No
E3315,Finance,3,6318.04,7,3,2,No,4,No
E3316,Marketing,2,5074.88,12,1,1,Yes,5,No
E3317,Sales,1,5046.23,23,1,4,No,4,Yes
E3318,HR,2,3028.25,16,2,1,No,4,No
E3319,Finance,1,6677.16,12,3,2,Yes,3,Yes
E3320,Finance,3,8569.55,24,1,2,No,4,No
E3321,HR,3,9285.76,24,1,5,No,4,Yes
E3322,Sales,3,4175.55,13,1,2,No,3,Yes
E3323,Engineering,3,5444.56,9,5,5,No,5,No
E3324,Operations,4,4870.4,9,2,3,No,3,No
E3325,Marketing,1,4719.96,15,4,3,Yes,4,No
E3326,Sales,2,5847.43,19,5,4,Yes,4,Yes
E3327,Marketing,3,6543.35,7,2,4,Yes,2,No
E3328,Marketing,5,5861.73,21,1,2,No,3,No
E3329,Marketing,2,3436.35,23,4,5,Yes,4,No
E3330,Engineering,2,8631.92,14,2,1,No,5,Yes
E3331,HR,1,6891.62,6,4,2,Yes,3,No
E3332,Engineering,5,7365.88,7,5,2,No,4,No
E3333,Finance,2,7492.67,4,5,5,No,3,No
E3334,Sales,1,7856.2,6,2,3,Yes,3,No
E3335,Engineering,4,6837.69,15,4,3,No,3,No
E3336,Finance,4,4666.82,1,3,1,No,3,No
E3337,HR,2,9833.63,8,4,5,No,2,No
E3338,HR,2,7904.61,21,2,3,No,3,No
E3339,Engineering,2,4525.04,21,3,1,No,3,No
E3340,Engineering,1,4556.47,1,1,2,No,3,Yes
E3341,Finance,1,10877.84,3,2,4,No,5,Yes
E3342,Engineering,2,6142.63,5,2,1,Yes,4,No
E3343,Engineering,4,5009.42,1,2,5,No,5,No
E3344,Sales,1,5333.17,14,1,3,No,4,No
E3345,Engineering,3,7492.21,0,4,4,No,3,No
E3346,Engineering,2,5453.74,6,5,4,Yes,4,Yes
E3347,HR,1,6793.38,7,5,2,Yes,3,Yes
E3348,Engineering,2,11580.51,21,4,3,No,3,No
E3349,Sales,1,3043.43,20,4,1,No,3,No
E3350,HR,1,5606.87,18,2,3,No,3,No
E3351,Marketing,2,6634.9,23,5,4,No,4,No
E3352,Finance,1,2619.23,24,3,1,No,3,No
E3353,Engineering,2,7637.54,22,4,1,No,3,Yes
E3354,Marketing,1,8469.63,23,1,1,No,3,Yes
E3355,Finance,1,3445.47,23,4,5,No,3,Yes
E3356,Operations,3,6320.91,5,1,5,No,3,No
E3357,Sales,3,6902.85,7,1,3,No,3,No
E3358,Engineering,2,7764.38,11,5,3,No,4,No
E3359,HR,5,12371.69,13,4,2,No,4,Yes
E3360,Operations,2,4869.14,11,1,3,No,3,No
E3361,Sales,3,7682.26,8,1,2,No,4,Yes
E3362,Engineering,2,6219.54,10,4,3,Yes,4,Yes
E3363,Marketing,2,5844.03,17,3,1,No,4,Yes
E3364,Engineering,2,6535.67,18,1,3,Yes,3,No
E3365,Marketing,1,7403.67,22,3,5,No,5,No
E3366,Engineering,3,6521.18,20,5,4,No,4,No
E3367,Marketing,1,7105.83,4,4,4,No,3,No
E3368,HR,4,6323.15,5,5,2,Yes,4,No
E3369,Engineering,2,4438.61,12,5,4,No,3,No
E3370,Finance,2,8316.17,21,5,5,No,3,No
E3371,Finance,2,8758.85,11,3,5,No,4,No
E3372,Sales,4,8658.78,3,5,5,No,4,No
E3373,Marketing,1,7983.58,22,3,2,No,3,No
E3374,Operations,2,4793.06,14,2,2,Yes,3,No
E3375,HR,3,4402.32,22,3,1,No,3,No
E3376,Marketing,2,8515.07,9,5,5,No,2,No
E3377,Sales,2,3850.82,21,2,3,No,3,Yes
E3378,Marketing,1,4992.13,1,3,3,Yes,3,No
E3379,HR,4,11221.48,18,2,3,No,3,No
E3380,Operations,4,7617.31,24,2,4,Yes,3,No
E3381,Marketing,1,6850.76,22,1,1,No,3,No
E3382,Marketing,3,2500.0,11,5,2,No,4,Yes
E3383,Sales,1,5023.47,24,5,3,No,3,Yes
E3384,HR,4,8339.28,24,5,1,No,3,No
E3385,Sales,1,3236.73,3,1,3,No,3,No
E3386,Engineering,2,7385.89,12,1,4,Yes,4,No
E3387,Finance,4,3459.31,22,5,1,No,3,No
E3388,Operations,1,5127.47,21,5,5,No,4,No
E3389,Engineering,4,3038.44,13,2,4,No,3,No
E3390,Sales,3,6709.24,6,3,1,Yes,4,No
E3391,HR,2,2758.59,6,4,2,No,5,No
E3392,Finance,1,6315.67,2,2,4,No,4,Yes
E3393,HR,3,7905.28,14,4,3,Yes,4,Yes
E3394,Marketing,3,6939.69,0,4,1,No,3,No
E3395,Operations,2,7522.6,12,2,4,No,3,Yes
E3396,Finance,2,6996.84,4,1,2,No,3,No
E3397,Sales,3,6300.0,13,3,2,Yes,4,No
E3398,Marketing,2,6349.41,1,5,1,No,4,No
E3399,Finance,3,7144.68,9,3,4,Yes,3,No
E3400,Marketing,2,4098.02,8,1,2,Yes,4,No
E3401,HR,5,5628.87,16,1,4,No,3,No
E3402,Operations,3,10974.87,17,5,3,Yes,5,No
E3403,Finance,1,7566.41,16,1,1,No,5,Yes
E3404,Marketing,5,9248.13,12,1,1,Yes,3,No
E3405,Operations,5,7248.81,1,4,1,No,4,No
E3406,HR,5,4889.79,22,1,1,No,3,No
E3407,Finance,2,5829.83,19,3,1,No,3,No
E3408,Sales,2,2666.96,16,1,1,Yes,3,No
E3409,Operations,1,9523.72,13,5,5,No,3,No
E3410,HR,4,8469.97,14,1,5,No,4,Yes
E3411,Engineering,3,4659.88,21,2,2,No,3,No
E3412,Marketing,2,8181.37,7,2,1,No,4,No
E3413,Marketing,1,7984.07,16,2,3,No,4,Yes
E3414,Sales,4,6669.92,24,2,4,No,3,Yes
E3415,Finance,2,7547.54,24,4,3,No,2,No
E3416,Sales,3,7754.08,18,3,3,No,3,No
E3417,HR,1,7346.03,18,4,3,No,3,No
E3418,Marketing,1,6832.52,2,3,1,Yes,4,Yes
E3419,Finance,2,6688.67,11,2,2,No,3,No
E3420,Sales,2,5251.95,20,5,1,No,3,No
E3421,Engineering,1,8498.39,5,1,2,No,3,Yes
E3422,Sales,2,10859.15,8,5,1,No,4,No
E3423,Operations,1,4036.12,15,1,2,Yes,4,Yes
E3424,Marketing,4,6575.64,24,3,2,Yes,3,No
E3425,Engineering,3,5062.23,12,1,2,No,3,No
E3426,Engineering,1,7710.94,20,3,1,No,3,No
E3427,Finance,1,7438.32,10,2,4,Yes,5,No
E3428,Operations,2,6796.34,16,1,2,Yes,3,Yes
E3429,Marketing,2,5198.88,20,2,4,No,2,No
E3430,Marketing,3,5459.45,21,3,3,No,3,No
E3431,Finance,3,4826.6,22,1,2,No,4,No
E3432,Finance,3,2712.55,21,3,1,Yes,3,Yes
E3433,Sales,2,9204.12,11,4,1,Yes,5,No
E3434,Sales,1,7971.05,2,2,5,No,4,No
E3435,Marketing,1,9338.63,0,2,4,Yes,3,No
E3436,Engineering,1,5732.6,24,3,3,Yes,4,No
E3437,Finance,2,7578.09,21,3,1,No,4,No
E3438,Engineering,1,4635.18,7,4,3,Yes,3,No
E3439,Engineering,2,5246.84,1,5,3,No,3,No
E3440,Operations,1,11008.64,14,4,5,No,4,No
E3441,HR,4,5679.05,11,2,3,No,4,No
E3442,Sales,1,8584.15,12,5,1,Yes,4,No
E3443,HR,3,7052.56,8,2,4,No,3,No
E3444,HR,4,3431.22,0,4,3,No,5,No
E3445,HR,4,6203.98,9,2,4,No,3,No
E3446,Operations,4,7331.15,10,2,5,Yes,3,No
E3447,HR,3,8061.41,15,1,5,No,4,Yes
E3448,Finance,1,2568.54,5,5,3,No,4,No
E3449,Operations,2,4376.21,21,2,2,No,2,Yes
E3450,Marketing,2,7183.05,20,1,3,Yes,3,Yes
E3451,Engineering,3,4430.14,18,5,1,No,3,No
E3452,Finance,2,9181.64,9,5,4,No,4,No
E3453,Finance,1,6363.07,10,1,3,No,2,Yes
E3454,Operations,1,7570.4,23,5,5,No,4,No
E3455,Operations,2,9350.82,19,2,2,Yes,5,No
E3456,Sales,4,3827.86,14,4,4,Yes,5,No
E3457,Marketing,3,7517.33,16,1,3,No,3,No
E3458,Operations,2,6796.41,24,1,3,Yes,4,No
E3459,Engineering,4,6863.33,12,1,5,No,3,No
E3460,HR,3,6007.79,9,4,2,No,4,No
E3461,Engineering,4,6850.39,8,2,2,No,3,No
E3462,Finance,4,2500.0,21,1,3,No,5,No
E3463,Marketing,3,9237.17,12,5,3,Yes,4,No
E3464,HR,4,3560.36,9,2,1,Yes,3,Yes
E3465,Marketing,2,10403.96,19,1,1,No,5,No
E3466,Operations,3,4411.33,21,5,3,No,5,Yes
E3467,Operations,1,4315.87,17,4,4,No,3,No
E3468,Sales,4,7391.24,21,4,1,Yes,4,Yes
E3469,HR,3,7097.12,20,1,3,Yes,5,Yes
E3470,HR,2,7491.67,16,1,5,No,4,No
E3471,Marketing,3,7296.07,24,4,2,No,4,No
E3472,Operations,1,6190.8,9,4,5,No,4,No
E3473,Finance,2,5691.25,24,5,3,No,3,No
E3474,Marketing,3,7781.01,8,5,4,No,2,No
E3475,Engineering,2,4978.38,22,2,2,Yes,3,Yes
E3476,Sales,3,6762.41,17,3,5,Yes,4,Yes
E3477,Operations,3,2771.79,18,3,3,No,5,No
E3478,Operations,4,7058.83,24,3,3,No,3,No
E3479,HR,5,6716.6,24,3,2,No,4,No
E3480,Engineering,1,6409.89,22,5,4,Yes,3,No
E3481,Sales,2,10253.62,11,2,2,No,3,No
E3482,Sales,1,9788.7,11,3,5,No,3,No
E3483,Operations,2,8511.76,3,1,1,No,3,No
E3484,Finance,1,8463.44,9,3,5,Yes,4,No
E3485,Operations,2,6732.49,20,1,2,No,4,No
E3486,Sales,4,7176.28,14,5,1,No,3,No
E3487,Marketing,3,7451.9,4,2,2,No,5,No
E3488,Finance,3,7825.53,7,2,2,No,3,No
E3489,Sales,1,6657.07,12,2,4,No,4,No
E3490,Marketing,1,7692.58,7,2,5,No,3,No
E3491,HR,1,6642.1,22,3,4,No,3,No
E3492,HR,1,7427.54,20,2,4,No,4,Yes
E3493,Operations,3,8518.77,19,1,1,Yes,3,No
E3494,HR,4,5056.53,20,1,2,No,3,No
E3495,Operations,4,6791.13,7,4,4,No,3,No
E3496,Finance,4,6666.99,3,2,4,No,3,No
E3497,Marketing,1,4259.89,5,1,3,No,4,No
E3498,Engineering,2,9560.41,3,4,5,Yes,4,No
E3499,Finance,1,4683.78,15,1,3,No,4,No
E3500,Engineering,1,9651.74,5,4,5,No,5,Yes
E3501,Engineering,1,3546.75,18,2,1,No,4,No
E3502,Marketing,3,3207.56,20,3,5,No,3,No
E3503,HR,2,5760.57,19,4,3,No,4,No
E3504,Operations,4,7375.16,7,3,5,Yes,3,No
E3505,Engineering,1,7362.91,19,1,1,No,3,No
E3506,Sales,3,9344.54,4,4,1,No,3,No
E3507,Finance,3,4806.05,0,4,2,No,4,Yes
E3508,Engineering,3,8537.29,16,2,3,No,3,No
E3509,HR,2,2851.52,17,4,5,Yes,3,No
E3510,Operations,1,4372.78,19,1,4,Yes,4,No
E3511,Finance,2,5920.87,16,2,1,Yes,2,Yes
E3512,Sales,1,4079.29,12,5,3,No,3,No
E3513,Operations,2,7703.65,10,1,4,No,4,No
E3514,HR,1,5067.79,17,2,4,No,3,Yes
E3515,Engineering,3,8706.75,24,5,2,No,3,No
E3516,Operations,4,8410.89,10,3,3,No,3,No
E3517,Marketing,1,5014.63,11,2,2,No,3,No
E3518,Engineering,2,5725.19,6,4,2,No,2,No
E3519,Sales,2,6303.45,1,4,3,No,2,No
E3520,Marketing,1,9479.62,17,3,3,No,5,No
E3521,Engineering,2,4426.6,1,4,2,No,3,No
E3522,Engineering,3,2500.0,1,4,1,No,4,No
E3523,Sales,2,5568.28,10,3,5,No,3,No
E3524,Sales,2,4476.93,16,1,5,No,3,No
E3525,HR,4,3130.49,15,3,1,No,3,No
E3526,Finance,3,6418.93,24,5,3,No,3,No
E3527,Marketing,2,3918.63,24,2,4,No,3,No
E3528,HR,1,7243.23,9,1,3,No,3,No
E3529,Operations,5,3853.84,10,3,5,No,5,Yes
E3530,Marketing,5,12997.18,7,2,4,No,3,No
E3531,HR,3,8830.27,14,5,2,No,3,No
E3532,Finance,1,4887.43,15,4,2,Yes,2,No
E3533,HR,3,4803.31,21,4,4,No,4,No
E3534,Operations,2,6081.88,8,3,5,No,3,No
E3535,Sales,1,8119.4,17,2,3,No,4,Yes
E3536,Marketing,1,5514.75,3,4,2,Yes,4,Yes
E3537,HR,1,3944.4,22,4,5,No,5,No
E3538,Sales,1,3307.68,2,2,2,No,3,No
E3539,Engineering,3,6458.74,15,4,2,No,4,No
E3540,Finance,3,4905.88,3,5,5,No,3,No
E3541,Sales,5,7122.95,23,3,2,No,3,No
E3542,Operations,5,2500.0,21,2,4,No,4,No
E3543,Marketing,4,7539.54,16,3,5,No,4,No
E3544,Finance,1,5793.97,10,3,5,Yes,3,No
E3545,Operations,2,2640.42,3,3,4,Yes,3,No
E3546,Sales,1,7296.84,24,4,1,No,4,No
E3547,Marketing,3,7596.84,8,4,4,No,3,No
E3548,HR,1,4725.22,2,4,5,Yes,3,No
E3549,HR,3,7922.06,11,4,3,No,4,No
E3550,Engineering,2,3494.87,1,4,4,No,3,No
E3551,HR,3,2500.0,20,5,3,No,3,No
E3552,Sales,3,6126.29,10,2,5,Yes,2,No
E3553,Finance,2,4548.81,7,5,5,No,4,No
E3554,Engineering,5,3758.96,6,1,4,Yes,3,No
E3555,Marketing,1,7755.41,12,5,3,No,3,No
E3556,Engineering,1,6972.51,2,3,4,No,3,No
E3557,Engineering,3,10108.48,5,5,4,No,3,No
E3558,Finance,2,7417.39,8,5,1,No,3,No
E3559,Sales,4,7716.07,9,1,5,No,3,No
E3560,Finance,2,4578.85,0,3,4,No,2,No
E3561,Finance,2,2500.0,7,2,4,No,3,No
E3562,Finance,2,10851.42,9,1,1,No,4,No
E3563,Finance,4,7584.02,23,2,4,No,3,No
E3564,Operations,1,10028.45,22,4,2,Yes,5,No
E3565,Finance,1,3900.32,22,4,1,Yes,5,No
E3566,Operations,4,8714.3,4,1,5,No,3,No
E3567,Marketing,4,7135.5,18,3,2,No,4,No
E3568,Engineering,4,8837.09,0,4,2,No,3,No
E3569,Marketing,2,7776.91,3,5,4,No,3,No
E3570,Finance,3,5996.31,0,2,2,No,3,No
E3571,HR,2,7117.91,23,4,5,Yes,4,No
E3572,Operations,3,5723.21,7,4,3,No,3,No
E3573,Operations,1,8341.7,3,3,3,No,3,No
E3574,Operations,2,4749.07,2,2,4,No,4,No
E3575,HR,4,4954.52,1,5,4,Yes,4,No
E3576,Sales,1,6146.33,2,1,3,No,3,Yes
E3577,Finance,1,7853.2,1,4,1,No,4,Yes
E3578,Operations,3,6617.19,14,5,1,Yes,4,No
E3579,Operations,3,5780.15,6,1,1,No,3,No
E3580,Sales,2,8823.84,23,4,3,No,3,No
E3581,Engineering,3,7794.8,4,3,1,Yes,4,No
E3582,Operations,5,5489.44,4,4,5,No,4,No
E3583,Sales,3,4206.73,4,5,1,No,2,No
E3584,Marketing,2,6113.57,8,2,4,No,3,No
E3585,Operations,3,5128.21,7,4,1,No,3,Yes
E3586,Operations,2,4801.22,24,5,5,Yes,5,No
E3587,Engineering,1,8149.08,22,1,1,No,3,No
E3588,Finance,1,8980.02,2,5,4,Yes,3,Yes
E3589,Engineering,2,6369.41,22,1,4,No,3,No
E3590,Sales,2,6487.43,24,1,3,Yes,3,No
E3591,Sales,1,4872.34,22,4,3,No,5,No
E3592,Engineering,2,4160.76,22,5,5,No,4,No
E3593,Marketing,4,8250.66,19,4,3,No,3,Yes
E3594,Sales,1,3704.86,6,1,1,No,4,No
E3595,Marketing,4,5137.26,16,5,2,No,3,No
E3596,Finance,1,5066.76,6,2,3,Yes,4,No
E3597,Operations,2,7432.92,14,2,3,Yes,3,No
E3598,Finance,4,6065.7,0,4,2,Yes,4,Yes
E3599,Finance,1,5246.87,24,5,1,No,4,No
E3600,Marketing,3,9490.35,0,4,2,No,3,Yes
E3601,Sales,3,10086.47,7,5,4,Yes,4,Yes
E3602,Finance,3,7357.11,2,2,5,Yes,3,Yes
E3603,Marketing,1,6816.1,18,3,1,Yes,4,No
E3604,Finance,2,5392.56,15,3,2,No,5,No
E3605,Engineering,1,6459.51,1,3,5,Yes,3,No
E3606,Engineering,2,3849.18,14,5,2,No,5,No
E3607,Operations,1,8675.22,2,2,2,No,4,No
E3608,Finance,3,6210.36,16,1,3,No,4,No
E3609,Finance,4,4987.37,14,2,2,No,3,Yes
E3610,Sales,1,5770.63,1,1,5,Yes,3,No
E3611,Engineering,3,8053.87,21,1,1,Yes,3,No
E3612,HR,4,5935.72,1,2,4,No,4,No
E3613,HR,2,4767.8,22,2,1,No,3,No
E3614,Finance,4,2500.0,17,5,5,No,3,No
E3615,Finance,1,6328.55,0,1,2,No,3,No
E3616,HR,1,7326.26,8,2,4,No,5,No
E3617,Operations,1,5421.13,7,4,5,No,4,Yes
E3618,Finance,4,4753.11,22,4,3,No,3,No
E3619,Operations,3,4024.29,21,1,1,Yes,4,No
E3620,Engineering,1,5672.51,9,3,2,Yes,3,Yes
E3621,Sales,2,4048.7,13,5,3,Yes,4,Yes
E3622,Marketing,2,4034.36,5,2,1,No,4,No
E3623,Marketing,4,5446.11,4,5,2,No,3,No
E3624,Engineering,2,10644.19,6,5,3,No,3,No
E3625,Operations,1,11637.29,11,2,4,Yes,3,Yes
E3626,Engineering,1,9090.81,0,2,1,No,4,No
E3627,Operations,3,7917.46,19,5,4,Yes,3,No
E3628,Sales,1,2500.0,19,3,4,No,5,No
E3629,HR,5,12387.68,19,3,1,No,3,No
E3630,Finance,4,7362.5,18,3,3,No,4,No
E3631,Operations,2,4081.25,21,5,1,No,3,No
E3632,Engineering,3,12409.92,3,1,5,Yes,3,No
E3633,Finance,1,6283.36,0,4,4,Yes,5,Yes
E3634,HR,1,8335.37,10,1,3,Yes,3,Yes
E3635,HR,1,5808.09,7,1,4,Yes,4,Yes
E3636,Operations,3,7748.76,19,1,5,No,4,No
E3637,Engineering,1,8009.83,7,4,4,No,3,No
E3638,Operations,3,8392.18,11,5,2,No,4,No
E3639,Finance,3,9323.53,6,4,4,Yes,3,No
E3640,Operations,5,6841.57,20,3,4,Yes,3,Yes
E3641,Operations,3,6961.64,10,5,5,No,4,No
E3642,Operations,3,6394.66,16,2,3,No,3,Yes
E3643,HR,2,4203.06,10,4,2,No,5,No
E3644,HR,5,4509.7,18,4,3,Yes,3,Yes
E3645,Marketing,1,5822.03,9,4,2,Yes,4,Yes
E3646,Finance,1,9276.91,22,2,2,No,3,Yes
E3647,Marketing,3,7535.65,10,4,5,Yes,4,No
E3648,Marketing,5,6295.01,8,1,5,No,5,No
E3649,Operations,1,5919.89,7,5,2,Yes,5,Yes
E3650,Operations,5,3932.63,19,1,3,No,4,No
E3651,Sales,2,4522.59,24,4,5,No,4,No
E3652,Operations,3,6840.62,13,3,2,No,3,No
E3653,Finance,3,6518.22,14,4,4,No,3,No
E3654,Finance,3,8212.22,23,1,5,No,3,No
E3655,Marketing,4,6023.75,11,1,4,Yes,3,No
E3656,Engineering,2,7748.37,21,2,3,No,3,No
E3657,Engineering,3,3131.19,5,5,5,Yes,4,No
E3658,Engineering,2,4411.19,3,3,2,Yes,3,No
E3659,Sales,3,7079.9,6,5,4,Yes,4,No
E3660,Engineering,4,6535.95,2,2,2,No,4,No
E3661,Finance,2,8122.93,18,3,1,No,4,No
E3662,HR,1,9086.39,3,3,5,No,3,No
E3663,Engineering,3,9186.9,10,5,3,No,3,No
E3664,Marketing,1,9989.17,18,3,4,No,4,No
E3665,Operations,2,10505.89,8,3,2,Yes,3,No
E3666,Engineering,3,5716.3,21,2,3,No,4,No
E3667,Marketing,1,11559.12,4,3,3,No,3,No
E3668,Finance,4,12856.53,18,3,3,Yes,4,No
E3669,HR,2,3634.7,24,5,2,No,5,Yes
E3670,HR,2,5204.78,7,3,2,No,3,No
E3671,Operations,3,7292.41,9,2,2,No,3,No
E3672,HR,1,7010.51,18,4,4,No,4,No
E3673,Operations,3,2789.63,4,4,3,No,3,No
E3674,HR,1,4410.76,15,2,5,No,3,No
E3675,Operations,3,6976.88,18,5,4,Yes,4,Yes
E3676,Operations,2,6021.11,23,2,2,No,3,No
E3677,Sales,3,7866.11,22,5,1,Yes,3,No
E3678,Sales,1,10802.65,6,2,1,Yes,5,Yes
E3679,Operations,4,3761.97,18,4,2,No,3,Yes
E3680,Engineering,2,11591.22,19,2,4,Yes,5,Yes
E3681,Operations,2,10638.59,9,2,4,Yes,4,Yes
E3682,HR,1,2703.15,22,1,2,No,3,Yes
E3683,Sales,1,3873.66,18,4,4,No,5,No
E3684,HR,1,5611.54,10,3,2,Yes,3,No
E3685,Marketing,1,4402.47,7,1,1,Yes,5,Yes
E3686,Marketing,3,7780.37,3,2,3,No,4,No
E3687,HR,3,7896.97,12,4,1,Yes,3,No
E3688,Finance,1,6811.36,2,4,5,No,3,No
E3689,Operations,1,7322.81,2,4,3,No,5,No
E3690,HR,1,6205.49,16,5,4,Yes,4,No
E3691,Operations,2,7372.62,7,5,5,No,3,No
E3692,Marketing,1,10708.2,14,2,4,No,4,No
E3693,Operations,1,2500.0,12,2,2,Yes,3,Yes
E3694,Finance,2,6539.4,14,2,2,No,4,No
E3695,Sales,3,7522.48,1,4,5,Yes,4,No
E3696,Operations,1,6282.75,14,4,3,No,3,No
E3697,Finance,3,7188.28,18,3,5,Yes,3,Yes
E3698,HR,3,9137.26,20,4,3,No,4,No
E3699,Engineering,3,5364.3,10,4,4,No,3,No
E3700,HR,2,11359.72,11,5,3,No,4,Yes
E3701,HR,2,3233.36,13,4,5,Yes,3,Yes
E3702,Sales,5,7865.15,16,3,3,Yes,3,No
E3703,Sales,3,6470.19,11,1,2,Yes,4,No
E3704,Engineering,1,7071.78,16,3,3,Yes,4,Yes
E3705,Finance,3,8175.08,17,4,3,No,4,Yes
E3706,Sales,3,5140.06,18,5,2,No,5,No
E3707,Operations,5,8925.12,15,1,4,No,4,No
E3708,Sales,2,10845.09,24,2,2,No,4,No
E3709,Engineering,3,5862.07,17,5,1,No,3,No
E3710,Marketing,2,5360.99,23,5,2,Yes,4,No
E3711,Sales,3,9283.78,5,1,4,No,3,No
E3712,Engineering,1,8661.29,16,2,4,No,3,No
E3713,Marketing,4,3055.61,15,5,5,Yes,4,No
E3714,Sales,3,7715.77,9,1,5,Yes,4,No
E3715,Engineering,3,8205.89,13,2,3,No,3,No
E3716,Finance,3,6379.49,10,5,3,No,3,No
E3717,Engineering,1,9801.21,1,3,2,No,2,Yes
E3718,Finance,1,2970.91,9,5,5,No,3,No
E3719,Marketing,2,2500.0,1,3,1,No,3,No
E3720,HR,2,8842.79,22,2,5,No,3,Yes
E3721,HR,4,4711.47,14,3,2,No,3,No
E3722,Engineering,3,6423.76,14,4,5,No,3,No
E3723,Engineering,2,4007.41,14,4,2,No,4,No
E3724,Finance,2,8375.08,9,3,4,Yes,3,No
E3725,Sales,2,7249.75,19,4,5,No,3,No
E3726,Sales,3,6208.23,10,1,4,No,3,No
E3727,Operations,3,3783.75,19,2,1,Yes,4,No
E3728,HR,3,6147.47,11,4,5,Yes,5,Yes
E3729,Operations,4,7234.13,11,4,5,No,4,Yes
E3730,Marketing,2,5330.05,6,5,4,No,3,No
E3731,Engineering,4,5405.21,10,3,4,No,4,No
E3732,HR,1,6522.84,5,3,3,No,5,No
E3733,Finance,4,7982.33,9,4,4,Yes,3,Yes
E3734,Operations,2,7432.67,8,1,5,No,4,No
E3735,Sales,3,9087.37,23,4,4,Yes,4,No
E3736,Finance,3,6302.62,9,2,2,No,5,No
E3737,Engineering,2,8728.41,17,4,1,No,5,Yes
E3738,HR,1,3935.06,8,5,4,No,3,Yes
E3739,Operations,3,7376.13,8,1,4,No,3,No
E3740,Sales,2,7259.05,9,2,5,Yes,3,No
E3741,Marketing,2,11686.66,17,4,2,No,3,No
E3742,HR,3,5025.66,5,1,4,No,4,No
E3743,Operations,3,3857.74,13,3,1,Yes,4,No
E3744,Engineering,1,4805.4,12,4,4,No,3,No
E3745,Operations,2,5109.33,14,1,5,No,4,Yes
E3746,Marketing,4,7401.8,2,5,2,No,3,Yes
E3747,Operations,2,3726.79,22,1,2,Yes,3,No
E3748,Marketing,2,7259.98,6,4,5,No,2,No
E3749,Sales,3,6575.33,15,2,4,Yes,4,Yes
E3750,Marketing,1,8511.8,8,3,3,No,3,No
E3751,Finance,4,7862.36,22,5,1,No,2,No
E3752,Engineering,1,8322.15,24,5,5,No,3,No
E3753,Operations,3,7580.53,13,4,1,No,3,No
E3754,HR,3,9069.16,22,2,3,No,4,No
E3755,Operations,3,3220.72,19,1,3,Yes,3,No
E3756,Operations,4,3297.7,24,4,4,Yes,3,No
E3757,Operations,2,6454.72,13,5,1,No,2,No
E3758,Marketing,4,6685.5,15,2,1,Yes,4,No
E3759,Engineering,3,4247.13,14,4,4,No,3,Yes
E3760,Engineering,5,7732.47,17,2,2,No,3,No
E3761,Finance,1,3630.4,10,3,1,Yes,3,Yes
E3762,Engineering,4,5910.33,10,1,4,No,5,Yes
E3763,Operations,3,6460.46,16,5,3,No,4,No
E3764,Marketing,4,7758.58,22,5,4,Yes,2,No
E3765,HR,2,5391.08,1,4,2,No,4,No
E3766,Operations,3,9174.27,23,1,2,No,4,No
E3767,HR,2,10196.42,17,3,2,Yes,4,No
E3768,Marketing,3,9883.58,0,3,5,No,3,No
E3769,Sales,3,10477.23,13,4,4,No,3,No
E3770,Marketing,4,8845.44,22,4,5,No,4,No
E3771,Finance,2,7853.4,18,1,3,No,2,No
E3772,Marketing,3,4851.74,13,5,5,No,3,No
E3773,Operations,4,5258.93,0,3,1,Yes,5,Yes
E3774,Operations,3,8587.33,11,1,4,No,4,No
E3775,HR,2,2581.98,7,2,2,No,3,No
E3776,Finance,2,9411.85,20,4,1,Yes,4,No
E3777,Operations,3,5166.35,14,2,2,Yes,4,No
E3778,Operations,4,5324.98,6,3,4,No,4,No
E3779,Marketing,1,8206.94,11,3,3,Yes,3,No
E3780,Sales,1,7116.94,16,2,5,No,3,No
E3781,Engineering,1,5577.04,2,2,4,Yes,3,No
E3782,HR,1,4496.55,12,3,3,No,4,No
E3783,Finance,1,3197.16,1,1,2,No,3,Yes
E3784,Finance,3,2500.0,4,4,5,Yes,4,Yes
E3785,HR,2,9718.95,10,5,2,Yes,4,Yes
E3786,Sales,2,6023.56,14,4,1,Yes,3,No
E3787,Engineering,4,4544.72,10,1,4,No,3,Yes
E3788,Operations,4,8153.34,23,3,4,No,4,No
E3789,Finance,2,4785.59,9,5,1,No,3,No
E3790,Sales,1,4828.62,15,4,5,No,3,No
E3791,HR,2,9117.3,23,4,4,No,3,No
E3792,HR,4,8131.37,16,4,3,No,3,No
E3793,Finance,4,6902.94,5,1,5,Yes,3,Yes
E3794,Operations,2,5280.7,0,4,4,Yes,3,No
E3795,Finance,5,7013.9,17,2,4,No,3,No
E3796,Marketing,2,7777.07,5,1,3,No,4,Yes
E3797,HR,4,7067.73,4,4,2,No,3,No
E3798,Operations,4,9171.68,20,4,1,No,3,No
E3799,Sales,1,4297.1,1,1,1,No,3,No
E3800,Engineering,2,5932.19,7,4,2,Yes,4,No
E3801,Marketing,3,7725.25,15,4,2,No,4,No
E3802,Sales,2,5240.12,22,2,2,No,2,Yes
E3803,Marketing,5,8596.24,21,2,1,Yes,3,Yes
E3804,Finance,2,9454.07,16,5,2,No,3,No
E3805,Engineering,4,6630.52,8,1,3,Yes,3,No
E3806,Sales,1,7342.2,5,4,3,No,3,No
E3807,Marketing,5,6040.77,13,4,3,No,3,No
E3808,Engineering,3,5856.15,15,2,5,Yes,4,No
E3809,Marketing,1,9323.33,15,2,4,No,4,No
E3810,Marketing,1,4660.43,24,3,3,No,3,No
E3811,Engineering,1,8318.84,16,2,4,No,3,Yes
E3812,Operations,3,5415.66,4,1,5,No,3,No
E3813,HR,4,4639.84,15,3,2,Yes,4,No
E3814,Finance,3,8717.58,20,4,5,Yes,3,No
E3815,Sales,3,8032.09,22,3,2,Yes,4,No
E3816,HR,3,5062.71,9,4,5,Yes,3,No
E3817,HR,4,6129.77,4,4,3,No,3,No
E3818,Finance,2,6226.07,9,3,4,No,3,Yes
E3819,Engineering,3,7017.21,18,4,4,Yes,4,No
E3820,HR,1,5423.25,4,1,2,No,3,No
E3821,Sales,1,10320.42,23,5,3,No,3,Yes
E3822,Engineering,1,4060.92,20,1,2,Yes,5,Yes
E3823,Finance,5,3164.78,8,4,2,Yes,4,No
E3824,Finance,3,6242.44,11,4,5,No,4,No
E3825,Sales,4,2500.0,19,5,5,No,3,No
E3826,Finance,2,4791.09,15,2,1,Yes,5,Yes
E3827,HR,1,5107.64,15,2,1,No,3,No
E3828,Engineering,1,6533.36,4,2,5,No,3,No
E3829,Marketing,2,6065.83,6,3,4,No,3,No
E3830,Operations,5,7019.22,4,2,4,Yes,3,Yes
E3831,Operations,1,4783.86,10,5,2,No,2,No
E3832,HR,4,5667.45,15,4,3,No,3,No
E3833,Operations,2,7773.23,21,5,3,No,3,No
E3834,HR,1,2500.0,24,3,1,No,3,Yes
E3835,Engineering,1,7425.59,12,5,5,Yes,3,No
E3836,HR,1,2500.0,10,1,5,No,3,No
E3837,Finance,3,6523.32,7,3,3,No,2,No
E3838,Finance,5,7643.82,21,4,1,Yes,5,No
E3839,Engineering,5,7176.98,24,3,4,No,3,No
E3840,Finance,1,5135.48,10,4,2,Yes,3,Yes
E3841,HR,2,7065.22,7,1,4,Yes,4,Yes
E3842,Engineering,2,4426.91,24,5,1,No,4,No
E3843,Finance,2,9540.46,1,1,4,No,4,No
E3844,Engineering,2,8328.82,11,1,3,No,3,No
E3845,HR,1,4412.16,4,3,3,No,4,No
E3846,Marketing,1,9529.11,14,4,5,No,3,Yes
E3847,Finance,5,6928.15,24,2,1,No,4,Yes
E3848,Finance,3,4014.74,1,5,5,No,3,No
E3849,Finance,3,9068.68,7,2,5,Yes,3,No
E3850,Sales,2,10115.84,1,4,5,Yes,3,Yes
E3851,Sales,2,5937.36,21,1,3,No,2,No
E3852,HR,2,7305.17,3,4,1,No,4,No
E3853,Sales,1,6471.14,21,4,5,No,3,No
E3854,Engineering,5,7774.61,8,1,4,Yes,4,No
E3855,Sales,3,8248.61,0,5,4,No,3,No
E3856,Finance,2,8669.33,12,4,2,Yes,2,No
E3857,Marketing,3,2500.0,18,3,4,No,4,No
E3858,Sales,5,5359.92,5,5,1,No,4,No
E3859,Marketing,2,8623.73,13,5,4,No,2,No
E3860,HR,4,4964.02,9,2,4,Yes,4,No
E3861,Sales,1,7263.82,15,5,5,Yes,4,No
E3862,Engineering,1,4483.91,4,5,5,Yes,4,No
E3863,HR,4,7991.37,10,1,4,No,3,No
E3864,HR,1,6582.45,22,4,4,No,4,No
E3865,Engineering,3,7828.78,3,5,3,No,3,No
E3866,Marketing,2,7368.93,6,1,4,No,3,No
E3867,Finance,2,3408.48,3,1,2,No,2,No
E3868,Engineering,5,11108.83,10,4,4,No,3,No
E3869,Engineering,2,3622.72,0,1,2,No,4,No
E3870,HR,1,11967.84,0,2,5,No,3,No
E3871,Marketing,1,2500.0,6,3,1,No,2,No
E3872,Marketing,5,6649.78,18,5,1,Yes,3,No
E3873,Engineering,4,3403.34,16,4,2,No,3,No
E3874,Operations,2,10054.65,14,2,3,Yes,3,No
E3875,HR,2,4268.28,7,3,1,Yes,4,Yes
E3876,Engineering,3,4091.01,23,3,3,No,2,No
E3877,Engineering,5,6575.15,9,2,1,No,4,No
E3878,Finance,3,9646.55,14,3,4,No,4,No
E3879,HR,4,9212.36,14,4,2,No,3,No
E3880,Sales,1,6010.02,22,1,5,No,3,No
E3881,Engineering,2,5794.97,15,5,4,No,3,No
E3882,Sales,3,7647.39,11,4,5,No,3,No
E3883,Sales,1,6371.78,21,4,1,No,3,No
E3884,Engineering,2,6677.41,16,3,3,No,3,No
E3885,Marketing,4,6188.22,9,2,4,No,3,Yes
E3886,HR,3,7843.01,0,4,2,Yes,3,No
E3887,Finance,1,7491.98,18,5,5,No,4,No
E3888,Marketing,2,9847.12,19,1,5,Yes,3,Yes
E3889,Operations,2,5098.89,8,2,3,No,4,No
E3890,Marketing,1,5078.63,15,5,5,No,3,No
E3891,HR,2,6296.07,17,5,2,No,3,No
E3892,Sales,1,6055.11,19,5,5,No,4,No
E3893,Sales,5,8398.3,23,1,4,No,4,Yes
E3894,Marketing,2,4179.24,14,1,1,No,4,Yes
E3895,Marketing,1,9294.13,8,5,4,Yes,4,No
E3896,Finance,2,5874.19,11,5,5,Yes,2,Yes
E3897,HR,1,9098.89,12,2,2,No,3,Yes
E3898,Sales,4,12068.77,4,2,4,Yes,3,No
E3899,Operations,3,8758.28,6,3,2,No,5,No
E3900,HR,2,7874.7,5,1,5,No,5,Yes
E3901,Marketing,3,8954.47,13,5,5,No,3,No
E3902,Operations,2,5852.57,10,5,3,Yes,4,Yes
E3903,Finance,2,7078.6,12,4,3,No,3,Yes
E3904,Marketing,1,5021.09,1,1,1,No,4,No
E3905,HR,1,5160.94,20,3,5,Yes,3,No
E3906,Finance,1,7178.48,22,3,4,No,4,No
E3907,Engineering,1,6710.57,19,4,3,No,2,Yes
E3908,Marketing,3,7449.09,17,1,2,Yes,4,No
E3909,Sales,1,6795.28,10,3,1,Yes,3,No
E3910,Engineering,1,5878.79,2,5,2,No,4,No
E3911,Sales,1,8532.2,4,1,4,No,3,No
E3912,Marketing,2,5141.5,8,5,2,No,4,No
E3913,Operations,1,7052.43,6,3,5,No,4,No
E3914,Engineering,1,9024.83,8,1,5,No,3,No
E3915,Marketing,5,8060.82,12,4,1,Yes,3,No
E3916,Operations,1,6436.38,10,4,5,Yes,3,Yes
E3917,Operations,3,2548.67,24,1,2,No,3,No
E3918,Finance,3,5751.8,2,3,3,Yes,2,Yes
E3919,Engineering,5,11173.85,16,2,3,No,4,Yes
E3920,Marketing,2,5954.19,5,5,2,No,4,No
E3921,Sales,2,6488.74,6,2,5,No,3,No
E3922,Engineering,2,6873.07,11,1,2,Yes,3,No
E3923,Engineering,3,7440.09,24,3,5,No,5,No
E3924,Operations,2,5058.52,23,5,5,No,4,Yes
E3925,Marketing,2,8167.65,20,2,4,No,4,Yes
E3926,Marketing,4,7399.31,1,5,4,No,4,No
E3927,Engineering,2,2710.61,11,2,4,No,3,No
E3928,Finance,1,2500.0,20,5,4,No,4,Yes
E3929,Finance,5,5318.8,17,3,1,No,3,No
E3930,Marketing,3,3836.14,9,3,2,No,3,No
E3931,Marketing,4,7180.5,2,4,3,No,3,No
E3932,Engineering,2,5676.42,11,3,3,No,4,No
E3933,Marketing,1,7534.27,24,2,4,No,4,No
E3934,Marketing,1,7563.06,7,2,5,No,4,No
E3935,Engineering,3,4287.35,4,2,2,No,3,No
E3936,Operations,5,5698.61,20,3,5,No,3,No
E3937,Marketing,4,5282.78,21,3,1,No,4,No
E3938,Engineering,3,8552.72,19,4,5,No,4,Yes
E3939,Engineering,3,6113.5,11,2,3,No,4,No
E3940,Marketing,2,9252.13,11,2,5,Yes,5,Yes
E3941,Operations,2,9374.53,18,5,5,No,3,No
E3942,Operations,1,6201.78,1,5,1,Yes,3,Yes
E3943,Engineering,3,5196.8,8,5,5,Yes,3,No
E3944,Engineering,5,4573.58,2,2,5,No,3,No
E3945,Sales,3,8061.88,12,2,3,Yes,3,Yes
E3946,Operations,2,6279.22,23,4,3,Yes,5,No
E3947,Operations,2,4896.49,14,1,3,Yes,5,Yes
E3948,Operations,2,8473.58,1,5,3,No,3,No
E3949,HR,2,8513.88,10,2,4,No,3,No
E3950,Sales,4,4413.36,14,2,1,No,4,No
E3951,Marketing,3,7295.39,11,4,1,No,4,No
E3952,Marketing,2,7795.14,11,2,1,No,3,Yes
E3953,HR,2,10243.45,24,3,3,Yes,3,No
E3954,Operations,1,6136.94,5,5,3,No,3,Yes
E3955,HR,1,6500.43,11,1,4,Yes,3,No
E3956,Marketing,2,7954.29,9,1,2,No,2,No
E3957,Finance,2,9291.66,4,4,1,No,3,No
E3958,Marketing,1,7381.36,24,1,2,No,3,No
E3959,Operations,2,6996.0,12,4,5,No,3,No
E3960,Finance,2,5265.12,12,2,3,Yes,3,Yes
E3961,Sales,2,5788.02,22,2,3,No,4,No
E3962,HR,2,6172.23,6,2,1,Yes,3,No
E3963,Finance,3,8042.76,6,1,5,Yes,3,No
E3964,Finance,3,7487.26,21,5,1,No,3,No
E3965,Engineering,2,4983.75,7,3,3,No,3,No
E3966,Finance,5,8369.49,10,2,5,No,3,No
E3967,Engineering,3,6128.01,6,3,2,No,3,No
E3968,Marketing,3,6159.36,6,2,3,Yes,4,Yes
E3969,Sales,2,8189.69,9,3,2,Yes,3,No
E3970,Engineering,4,8464.06,6,1,2,No,3,Yes
E3971,Sales,2,7260.97,11,5,5,Yes,5,No
E3972,Engineering,3,10617.43,20,4,4,Yes,4,Yes
E3973,Engineering,2,2500.0,8,2,3,No,4,No
E3974,Marketing,4,8624.43,6,3,4,Yes,5,No
E3975,Finance,3,4301.37,4,3,3,No,4,No
E3976,Sales,4,6462.84,10,1,5,Yes,3,No
E3977,HR,1,6553.92,8,4,4,No,5,No
E3978,Sales,3,6390.96,9,3,2,No,4,No
E3979,Sales,2,4514.29,10,4,5,No,3,No
E3980,Finance,2,3531.31,14,2,3,No,3,No
E3981,HR,2,2500.0,12,5,5,No,3,No
E3982,Engineering,4,6061.64,4,4,1,Yes,3,No
E3983,Operations,2,6816.07,16,2,4,No,2,No
E3984,Marketing,3,7826.55,14,3,4,No,3,No
E3985,Marketing,2,9074.04,18,5,2,Yes,3,No
E3986,Marketing,2,8367.65,19,1,4,No,3,No
E3987,Finance,4,8692.64,20,1,1,Yes,3,No
E3988,Engineering,4,4317.58,18,5,1,Yes,3,No
E3989,Finance,3,8948.3,6,1,3,Yes,5,No
E3990,Engineering,1,7342.4,2,2,5,Yes,3,No
E3991,HR,1,3660.74,15,5,1,No,5,No
E3992,HR,1,8874.89,4,4,2,Yes,4,Yes
E3993,HR,2,4578.49,4,2,5,Yes,3,Yes
E3994,Operations,1,4239.95,16,3,3,No,2,No
E3995,Operations,2,9912.67,15,4,5,No,4,No
E3996,Operations,2,7045.39,4,2,2,No,3,No
E3997,HR,1,4224.69,22,4,3,No,3,No
E3998,Sales,3,5335.31,2,5,2,No,4,No
E3999,Marketing,5,8846.01,21,4,1,No,4,No
E4000,Engineering,2,3876.58,20,4,5,No,3,Yes
E4001,Finance,2,6206.56,15,2,2,No,3,No
E4002,Sales,1,6205.28,8,5,1,No,4,No
E4003,HR,1,12507.38,6,3,2,Yes,3,Yes
E4004,Sales,3,3310.98,13,3,3,No,4,No
E4005,Marketing,2,3401.93,3,5,2,Yes,3,No
E4006,HR,3,5270.04,19,2,2,No,4,No
E4007,Marketing,2,5109.33,11,1,4,No,4,Yes
E4008,HR,1,6594.29,13,1,4,No,5,Yes
E4009,HR,4,5479.86,9,3,5,Yes,4,Yes
E4010,HR,4,8380.31,3,3,1,No,3,No
E4011,Operations,3,6710.62,16,1,1,No,3,No
E4012,Operations,5,4393.27,16,4,5,No,5,No
E4013,Marketing,4,5994.71,2,1,5,No,3,No
E4014,Sales,2,5923.79,8,4,4,Yes,3,No
E4015,Finance,4,9035.02,1,3,5,Yes,3,No
E4016,Engineering,3,8423.17,8,5,4,No,3,No
E4017,Marketing,2,8090.25,18,2,5,No,3,No
E4018,Engineering,2,4921.29,14,4,3,Yes,3,No
E4019,Sales,3,7209.91,15,5,3,No,3,Yes
E4020,HR,1,3988.2,14,5,3,Yes,4,No
E4021,Marketing,3,7957.37,8,3,2,No,3,No
E4022,Finance,2,9197.7,10,3,2,No,3,No
E4023,Operations,2,2500.0,18,4,3,No,3,No
E4024,Finance,2,6337.04,17,3,4,No,4,No
E4025,Sales,4,6334.76,11,4,4,Yes,3,No
E4026,Marketing,5,8528.36,18,3,1,No,3,No
E4027,Sales,5,5235.9,19,5,2,Yes,2,No
E4028,Engineering,3,5205.16,10,5,2,No,4,No
E4029,Operations,4,6893.22,20,2,3,No,4,Yes
E4030,Marketing,1,7879.13,3,1,4,Yes,3,Yes
E4031,Engineering,2,6995.71,18,4,5,Yes,3,No
E4032,Marketing,2,8481.87,13,1,4,Yes,3,No
E4033,Sales,1,8059.37,23,1,1,No,3,No
E4034,Finance,3,5406.39,4,5,4,No,3,No
E4035,Engineering,1,6596.89,1,5,2,No,4,Yes
E4036,Marketing,4,7754.4,1,1,4,No,5,No
E4037,Sales,5,4803.66,3,5,1,Yes,3,No
E4038,Finance,2,5052.04,13,5,2,No,3,No
E4039,Engineering,1,3338.03,19,5,3,Yes,3,Yes
E4040,Sales,3,9145.21,20,2,2,No,3,Yes
E4041,Finance,4,11319.07,18,2,3,No,3,No
E4042,Engineering,3,5060.96,7,4,3,No,3,No
E4043,Finance,3,7817.72,10,1,1,Yes,3,No
E4044,Engineering,3,9299.82,1,5,2,Yes,4,Yes
E4045,HR,4,3984.7,13,5,3,No,3,Yes
E4046,Engineering,1,7320.03,19,5,3,Yes,4,Yes
E4047,Operations,5,9475.94,5,3,1,No,3,No
E4048,Marketing,3,5979.02,12,5,5,Yes,3,No
E4049,Sales,2,6387.99,8,3,4,No,3,No
E4050,HR,2,9605.98,22,2,4,Yes,3,No
E4051,Marketing,5,5637.73,1,3,5,Yes,4,No
E4052,Marketing,1,5308.15,18,2,4,Yes,3,Yes
E4053,Marketing,3,6167.01,0,1,1,No,4,No
E4054,Sales,1,10582.94,11,3,2,No,3,No
E4055,Marketing,3,8336.4,16,4,4,No,3,Yes
E4056,Sales,2,7769.96,11,4,2,Yes,3,No
E4057,Engineering,1,7746.88,14,3,3,No,3,No
E4058,HR,1,4136.18,16,5,3,Yes,3,No
E4059,Marketing,2,7835.19,17,5,3,No,4,No
E4060,HR,2,5672.7,0,1,1,No,4,No
E4061,Operations,1,6191.81,9,4,3,No,4,No
E4062,Finance,2,6079.09,12,4,4,No,3,No
E4063,HR,3,8702.42,20,5,4,No,4,No
E4064,Sales,3,10660.36,15,5,4,No,3,No
E4065,Marketing,2,4629.18,9,1,4,No,4,Yes
E4066,Sales,3,8999.16,20,2,1,No,5,No
E4067,Engineering,3,6322.87,7,4,3,Yes,3,Yes
E4068,Marketing,3,8395.79,20,2,4,Yes,4,No
E4069,Finance,5,7388.83,14,5,2,No,3,No
E4070,Engineering,4,5378.78,19,3,2,No,4,No
E4071,Engineering,4,5345.48,13,4,2,No,5,No
E4072,Sales,3,6264.65,19,5,1,No,3,Yes
E4073,Engineering,2,7527.24,18,4,5,No,3,No
E4074,Operations,1,7831.93,13,3,3,No,4,No
E4075,Operations,3,13276.0,11,1,2,No,3,No
E4076,Operations,3,7944.93,11,5,5,Yes,4,No
E4077,Finance,3,3893.52,23,2,5,No,3,No
E4078,Engineering,3,9518.12,14,2,1,Yes,3,Yes
E4079,Operations,3,8064.0,12,4,2,Yes,4,Yes
E4080,Marketing,1,6396.13,8,1,5,No,3,No
E4081,HR,4,4316.89,0,3,3,No,4,No
E4082,Finance,4,6142.47,4,4,3,Yes,3,Yes
E4083,Marketing,1,9332.19,14,5,4,No,5,No
E4084,Sales,3,7853.95,1,2,4,Yes,3,No
E4085,HR,4,9742.74,19,4,1,No,4,No
E4086,Operations,3,9626.0,8,5,2,No,3,No
E4087,Engineering,2,7210.0,12,3,3,No,5,No
E4088,Sales,4,2500.0,14,5,1,No,4,No
E4089,Engineering,3,4770.64,7,4,2,Yes,3,No
E4090,Marketing,3,3364.16,15,2,1,No,4,No
E4091,Engineering,2,9873.9,13,4,2,No,3,No
E4092,Marketing,3,7886.42,8,4,3,No,3,No
E4093,Operations,4,6277.82,16,4,3,Yes,3,No
E4094,Finance,1,5606.19,6,1,3,No,3,Yes
E4095,Engineering,3,9136.38,15,4,2,Yes,4,Yes
E4096,HR,3,4773.49,0,5,4,No,3,No
E4097,Engineering,1,3910.58,10,3,3,Yes,3,Yes
E4098,HR,4,3721.2,10,3,1,Yes,4,No
E4099,HR,4,6985.45,9,1,4,No,3,Yes
E4100,HR,1,4954.44,21,2,4,No,5,No
E4101,Engineering,3,8940.41,20,5,4,No,3,No
E4102,HR,1,6708.45,17,5,3,No,3,No
E4103,Finance,1,3646.56,6,1,2,Yes,4,Yes
E4104,Finance,1,6176.37,9,4,4,No,4,No
E4105,Marketing,3,4548.84,9,1,2,No,3,Yes
E4106,Engineering,4,6408.69,18,4,2,No,3,No
E4107,Marketing,3,9075.69,16,5,5,No,3,No
E4108,Marketing,2,6330.59,3,3,3,Yes,4,No
E4109,Marketing,1,5195.88,10,3,5,No,3,No
E4110,Operations,1,7635.87,14,2,2,No,3,No
E4111,Finance,1,5716.33,9,5,5,No,4,No
E4112,HR,3,7828.81,1,5,5,No,2,No
E4113,Marketing,5,7371.48,3,2,4,No,4,No
E4114,Operations,4,4329.76,24,4,2,Yes,3,No
E4115,HR,1,3757.8,12,3,3,No,3,No
E4116,Engineering,1,5829.5,3,2,3,No,3,No
E4117,Engineering,3,7544.99,24,4,3,No,3,Yes
E4118,Operations,3,10446.33,23,3,2,No,3,No
E4119,Marketing,1,4144.93,21,3,4,No,3,No
E4120,Marketing,5,4411.54,13,5,4,No,3,Yes
E4121,Operations,3,8766.45,19,5,1,No,2,No
E4122,Marketing,2,7034.06,24,2,4,No,5,No
E4123,HR,4,6211.03,12,4,1,No,3,Yes
E4124,Operations,2,8082.0,24,3,5,No,3,No
E4125,Engineering,3,9332.68,20,3,2,No,4,No
E4126,Finance,4,8884.18,15,2,4,No,3,Yes
E4127,HR,4,5055.31,22,5,4,No,3,No
E4128,Engineering,1,7566.26,10,1,4,No,3,No
E4129,HR,1,9088.24,5,3,2,No,3,No
E4130,Operations,3,5963.77,23,3,5,No,3,Yes
E4131,Marketing,1,7422.93,12,2,1,No,3,No
E4132,Finance,3,5311.17,17,2,1,Yes,4,Yes
E4133,HR,4,4505.32,21,1,1,No,4,No
E4134,Finance,1,7515.12,3,1,1,No,3,No
E4135,HR,1,8636.42,20,2,5,No,3,No
E4136,HR,2,8286.53,17,1,1,No,3,No
E4137,Engineering,5,3666.8,22,4,4,No,3,No
E4138,HR,2,9500.18,5,3,3,No,3,No
E4139,Operations,5,7893.79,23,5,3,No,4,No
E4140,Finance,3,9098.43,3,5,1,No,3,Yes
E4141,Finance,2,4577.09,7,4,1,No,3,No
E4142,Operations,1,8477.5,12,3,3,No,4,No
E4143,Sales,3,8037.04,14,4,4,No,3,No
E4144,Operations,2,3849.49,21,1,4,No,4,No
E4145,Engineering,1,7606.05,3,2,4,No,3,Yes
E4146,Engineering,2,4370.43,23,4,3,Yes,4,Yes
E4147,Engineering,2,6674.22,13,4,1,No,3,No
E4148,Operations,4,11741.19,16,1,5,No,3,Yes
E4149,Finance,5,7279.54,1,3,2,Yes,3,No
E4150,Sales,3,6392.5,4,2,4,No,3,No
E4151,Sales,1,3377.63,10,4,4,No,3,No
E4152,Operations,2,7281.49,13,4,5,No,4,No
E4153,Finance,1,6310.48,13,2,5,No,5,No
E4154,HR,3,2500.0,3,5,5,Yes,3,No
E4155,Engineering,3,4244.9,17,3,2,Yes,3,No
E4156,Operations,2,8603.98,5,2,4,No,3,No
E4157,Marketing,1,9486.55,5,3,3,No,3,No
E4158,Marketing,5,6808.31,2,5,3,No,4,No
E4159,Operations,1,8870.87,21,2,4,No,3,No
E4160,Sales,3,6721.18,17,2,5,Yes,4,No
E4161,Finance,3,4984.27,0,3,3,No,3,Yes
E4162,Engineering,3,11490.21,3,2,1,No,4,Yes
E4163,Engineering,1,3541.63,15,2,2,No,4,No
E4164,Marketing,4,7579.53,16,3,2,No,5,No
E4165,Engineering,3,5216.72,22,1,5,No,4,Yes
E4166,Operations,3,6190.09,23,5,5,No,3,No
E4167,Sales,3,10144.11,21,1,3,No,3,Yes
E4168,Operations,1,6747.25,21,4,1,No,3,No
E4169,HR,2,5936.45,13,3,4,No,3,No
E4170,Sales,3,5446.96,23,2,5,Yes,4,No
E4171,Sales,2,7884.93,3,1,3,No,4,No
E4172,HR,3,4565.44,14,2,2,No,5,No
E4173,Finance,2,6856.25,2,2,1,Yes,4,Yes
E4174,Operations,4,6352.24,19,1,4,No,3,No
E4175,Marketing,4,4926.4,17,4,3,No,4,No
E4176,Operations,4,3497.59,24,4,2,No,3,No
E4177,Sales,3,6723.3,3,3,2,No,3,Yes
E4178,Operations,2,5828.92,17,1,4,No,3,No
E4179,Marketing,4,7140.34,1,3,1,No,4,Yes
E4180,Finance,2,2500.0,2,4,4,No,4,No
E4181,HR,5,5637.96,11,4,1,No,3,No
E4182,Marketing,4,8524.02,23,2,5,No,5,No
E4183,Sales,2,3019.42,4,1,5,No,3,Yes
E4184,Sales,2,10771.63,7,3,1,No,3,No
E4185,Sales,4,7445.39,20,2,5,No,3,No
E4186,Operations,2,6334.18,24,4,3,No,3,No
E4187,Sales,1,6882.26,13,3,1,No,3,No
E4188,Sales,1,4768.7,8,4,2,No,4,No
E4189,Finance,4,9766.55,21,2,4,No,3,No
E4190,Finance,2,7036.86,12,2,1,No,3,No
E4191,Engineering,1,6789.24,9,3,3,No,3,No
E4192,Marketing,2,8849.69,5,4,2,No,5,No
E4193,HR,3,7495.74,23,5,3,No,4,No
E4194,Finance,2,5148.15,11,5,1,No,4,No
E4195,Operations,1,6569.35,24,1,1,No,4,Yes
E4196,Operations,2,7891.94,4,4,5,No,3,No
E4197,HR,3,6771.98,13,2,5,No,3,No
E4198,Finance,2,3679.06,10,2,5,No,4,No
E4199,Engineering,3,9722.06,4,5,3,Yes,4,No
E4200,Finance,3,6994.22,24,1,5,Yes,5,No
E4201,Marketing,3,5771.24,1,3,4,No,2,Yes
E4202,Operations,1,8071.84,0,4,3,No,3,No
E4203,Engineering,2,5552.49,22,5,5,Yes,3,No
E4204,Marketing,4,3268.79,6,3,5,Yes,3,No
E4205,Operations,1,6627.98,12,1,5,No,3,No
E4206,Marketing,4,8109.07,2,3,5,No,5,No
E4207,Operations,2,6040.01,5,4,1,Yes,4,No
E4208,Finance,3,6125.16,20,3,5,No,3,No
E4209,Operations,2,6223.94,9,5,2,Yes,4,No
E4210,Marketing,3,6405.94,21,4,4,No,4,No
E4211,HR,1,6954.71,23,5,3,No,3,No
E4212,Finance,3,8386.41,24,4,2,No,4,No
E4213,Marketing,1,8250.51,24,1,3,No,3,No
E4214,Operations,1,11101.66,10,1,3,No,3,Yes
E4215,Sales,1,10466.52,5,3,5,No,3,No
E4216,Marketing,4,4735.18,18,5,5,Yes,5,No
E4217,Finance,4,6126.16,12,3,3,No,3,No
E4218,Engineering,2,8215.91,3,1,1,No,4,No
E4219,Operations,1,2685.77,20,4,4,No,3,No
E4220,Marketing,4,7318.72,21,4,5,No,3,No
E4221,Marketing,1,4742.58,18,1,3,Yes,4,No
E4222,Sales,1,6508.58,11,4,2,Yes,3,No
E4223,Finance,1,6651.66,16,3,2,No,4,No
E4224,Sales,2,2731.36,3,1,3,No,4,No
E4225,Finance,4,11945.26,20,1,2,No,3,Yes
E4226,HR,3,5435.75,22,3,2,No,3,Yes
E4227,Marketing,2,9788.72,20,2,2,No,4,No
E4228,Sales,3,3027.8,11,2,1,No,3,No
E4229,HR,3,5180.94,15,5,4,No,3,No
E4230,Operations,1,8344.56,0,2,2,No,4,No
E4231,Finance,1,6056.19,12,3,1,No,4,No
E4232,HR,1,8345.7,14,3,4,No,3,No
E4233,Operations,2,7981.41,20,5,2,No,3,No
E4234,Engineering,1,4759.68,22,5,1,No,4,No
E4235,Engineering,2,9277.11,19,1,4,No,3,Yes
E4236,HR,1,7847.53,4,2,4,No,4,No
E4237,HR,3,3397.25,4,4,1,No,5,No
E4238,Engineering,2,6805.79,21,4,4,Yes,3,Yes
E4239,Operations,3,8011.2,12,1,3,No,4,No
E4240,HR,3,6354.86,20,2,1,Yes,3,Yes
E4241,HR,3,6680.99,14,1,3,No,3,No
E4242,Engineering,2,7643.85,1,1,5,Yes,4,Yes
E4243,Marketing,2,2977.85,24,5,1,No,3,No
E4244,Sales,2,6132.28,21,5,3,No,2,No
E4245,Finance,1,5749.66,11,1,1,No,3,Yes
E4246,Marketing,1,8235.63,6,5,2,No,3,No
E4247,Operations,1,5332.75,6,2,4,No,2,Yes
E4248,Marketing,3,10857.42,20,5,3,No,3,No
E4249,Sales,3,5281.43,4,5,3,No,3,No
E4250,HR,2,4091.32,14,3,3,No,3,No
E4251,Marketing,4,9269.72,23,1,4,Yes,3,Yes
E4252,Sales,2,7876.52,13,1,3,No,3,No
E4253,Marketing,3,7406.8,13,5,4,No,4,No
E4254,Sales,3,6021.94,11,4,5,Yes,5,Yes
E4255,Operations,1,5777.28,6,1,3,No,4,No
E4256,Operations,2,7562.74,6,5,1,No,3,No
E4257,Engineering,5,5303.38,10,2,3,No,3,Yes
E4258,Marketing,1,10466.94,11,1,4,No,3,No
E4259,Finance,2,7074.87,0,4,2,Yes,3,Yes
E4260,Finance,2,5955.34,21,3,2,No,4,No
E4261,Sales,3,5640.31,0,1,1,Yes,3,Yes
E4262,Sales,1,3871.62,5,3,5,Yes,5,Yes
E4263,Sales,2,8105.37,8,4,1,No,3,No
E4264,HR,2,4810.33,23,2,5,No,4,Yes
E4265,Engineering,2,6216.55,17,5,3,No,3,No
E4266,Finance,2,12104.39,4,2,4,No,3,No
E4267,Engineering,2,2531.92,18,2,3,No,4,Yes
E4268,HR,3,6281.45,12,4,1,No,3,No
E4269,Marketing,2,3489.38,0,4,1,Yes,3,Yes
E4270,Marketing,4,5318.04,10,5,2,No,4,No
E4271,Operations,2,6186.81,17,2,3,No,4,No
E4272,Finance,1,3631.89,12,1,5,No,3,Yes
E4273,Operations,2,7400.07,18,4,5,No,5,No
E4274,Operations,3,9730.52,24,5,1,Yes,2,No
E4275,Operations,1,7232.29,5,3,1,Yes,5,No
E4276,HR,2,8348.55,14,3,5,Yes,3,Yes
E4277,HR,4,10073.33,3,3,4,Yes,5,Yes
E4278,Finance,1,7835.73,10,2,2,No,3,Yes
E4279,Marketing,5,2500.0,17,1,3,Yes,4,Yes
E4280,Operations,2,6893.98,11,5,1,No,5,No
E4281,Finance,1,2500.0,14,4,4,No,4,Yes
E4282,Marketing,4,4910.88,11,4,5,No,3,No
E4283,Engineering,2,3202.28,9,3,2,Yes,4,No
E4284,Operations,1,7100.41,18,2,1,No,3,Yes
E4285,Operations,3,4526.0,14,2,5,No,3,No
E4286,Engineering,3,7160.85,6,2,3,No,4,No
E4287,Finance,2,8218.7,20,3,2,No,3,No
E4288,Finance,3,4391.75,18,1,1,No,3,No
E4289,Finance,1,7052.76,2,2,4,Yes,4,No
E4290,Marketing,1,2500.0,15,5,5,No,4,Yes
E4291,Engineering,1,3216.38,12,2,4,No,3,No
E4292,HR,5,9288.72,15,2,5,No,3,No
E4293,Finance,1,4559.64,6,1,4,No,3,No
E4294,Sales,4,5344.74,2,5,4,No,4,No
E4295,Sales,2,4700.85,7,2,3,No,5,Yes
E4296,HR,2,2686.88,12,5,5,No,3,No
E4297,Operations,3,4225.35,19,1,4,No,3,No
E4298,HR,1,6487.28,8,2,3,No,4,No
E4299,Finance,1,5652.38,16,1,4,No,3,No
E4300,Operations,2,8861.17,17,4,5,Yes,2,No
E4301,Finance,2,5139.14,22,4,4,Yes,3,No
E4302,Finance,2,6473.55,19,5,3,Yes,4,Yes
E4303,Finance,1,5303.18,9,1,4,No,3,No
E4304,Finance,2,8554.69,11,5,5,No,4,Yes
E4305,Marketing,4,3347.19,12,2,4,Yes,4,No
E4306,HR,2,7550.92,8,1,3,No,3,No
E4307,Sales,4,7390.81,3,4,5,No,3,No
E4308,Marketing,2,4693.17,13,2,2,No,3,No
E4309,HR,2,6281.5,21,4,5,Yes,5,No
E4310,Marketing,2,7351.31,11,2,3,Yes,5,Yes
E4311,Operations,1,4978.07,15,1,1,No,4,No
E4312,Finance,2,4932.13,15,5,1,Yes,3,No
E4313,Finance,2,3794.6,22,5,5,No,5,No
E4314,HR,3,10949.16,14,3,2,Yes,3,No
E4315,Operations,1,5472.76,15,1,4,Yes,3,No
E4316,Engineering,4,3802.78,22,3,4,Yes,5,No
E4317,Marketing,4,2610.17,3,3,3,No,4,No
E4318,Finance,2,4733.89,3,4,3,No,3,No
E4319,HR,2,7087.22,14,5,4,No,2,Yes
E4320,Engineering,3,5937.99,21,5,4,No,4,No
E4321,Operations,1,7271.37,23,3,2,No,3,No
E4322,HR,3,8073.63,10,4,4,Yes,3,No
E4323,HR,2,6167.98,4,5,3,No,3,No
E4324,Sales,4,6219.39,17,2,4,No,4,No
E4325,Operations,2,9944.58,8,4,2,No,4,No
E4326,Sales,2,8120.61,4,5,1,Yes,2,Yes
E4327,HR,3,7345.91,16,2,5,No,4,No
E4328,Operations,3,5745.21,20,1,5,Yes,3,No
E4329,HR,1,7985.95,14,1,3,No,4,No
E4330,Sales,3,7275.1,8,2,4,No,4,No
E4331,Marketing,4,7192.23,4,5,1,No,4,No
E4332,Sales,2,8077.89,23,3,4,No,4,No
E4333,Operations,1,7217.36,4,5,4,No,3,No
E4334,Sales,4,3157.66,16,4,1,Yes,3,Yes
E4335,Operations,4,6620.28,3,4,4,No,4,No
E4336,Marketing,1,4046.86,12,1,1,No,3,No
E4337,Finance,1,7893.25,13,2,4,Yes,5,Yes
E4338,Sales,1,3049.43,20,3,4,No,3,No
E4339,Sales,4,6431.66,22,3,2,No,3,Yes
E4340,Engineering,5,6627.24,21,4,5,No,3,No
E4341,HR,2,3976.65,12,1,4,No,3,Yes
E4342,Marketing,4,6321.62,12,4,5,No,4,No
E4343,Sales,1,8189.0,10,3,5,No,4,No
E4344,Finance,2,5275.34,5,5,4,No,3,No
E4345,Operations,1,7136.93,5,5,1,Yes,4,Yes
E4346,Finance,5,7616.8,3,1,5,No,4,No
E4347,Operations,1,4151.74,22,2,3,No,3,No
E4348,Operations,4,6590.91,18,5,3,No,3,No
E4349,Sales,3,6036.13,24,4,2,No,4,No
E4350,Marketing,4,6467.35,8,1,3,No,3,No
E4351,HR,2,2971.01,17,1,3,No,5,Yes
E4352,HR,2,3403.8,0,2,1,No,3,No
E4353,Marketing,1,9184.15,12,4,4,No,5,No
E4354,Operations,1,8163.84,10,2,1,No,5,No
E4355,Sales,3,6984.23,22,3,5,Yes,3,Yes
E4356,Engineering,2,8483.59,11,5,3,No,3,No
E4357,HR,2,3583.03,13,2,3,No,4,Yes
E4358,Marketing,1,6000.63,21,3,3,No,3,No
E4359,Sales,3,5793.74,8,3,5,No,3,No
E4360,HR,1,4805.59,22,3,4,No,3,No
E4361,HR,1,4005.89,4,5,5,Yes,5,No
E4362,Engineering,1,9395.57,21,5,5,No,3,No
E4363,Finance,1,5115.38,3,5,5,No,3,No
E4364,Engineering,3,7491.41,13,3,5,No,3,Yes
E4365,HR,1,7230.94,11,2,3,Yes,3,No
E4366,Operations,3,8799.93,2,5,2,Yes,4,Yes
E4367,Marketing,3,8115.18,9,4,1,Yes,2,No
E4368,Sales,1,5823.42,2,4,2,No,4,No
E4369,HR,2,3716.82,5,2,4,Yes,3,No
E4370,Sales,1,8463.15,18,5,3,No,5,No
E4371,Sales,2,9188.23,12,3,4,No,5,No
E4372,Sales,3,11918.94,16,2,3,Yes,4,No
E4373,Operations,2,8651.63,18,4,3,No,3,No
E4374,Finance,5,5094.59,17,2,2,No,3,No
E4375,Engineering,4,5380.27,15,2,5,No,2,No
E4376,HR,1,2500.0,13,2,3,No,5,No
E4377,Operations,4,4714.23,19,2,1,Yes,5,Yes
E4378,Engineering,2,3708.51,21,1,2,No,3,No
E4379,HR,2,7793.75,20,1,5,No,3,No
E4380,Sales,3,8606.56,10,5,2,Yes,3,No
E4381,Engineering,2,11467.96,3,4,5,Yes,3,No
E4382,Engineering,4,13292.21,8,2,2,No,3,No
E4383,Sales,4,7047.37,24,5,4,Yes,4,No
E4384,Operations,2,5217.85,17,1,3,No,4,No
E4385,Operations,4,5639.72,4,5,5,No,3,No
E4386,Finance,4,4976.84,9,4,2,No,3,No
E4387,Engineering,3,11656.14,18,5,2,Yes,3,No
E4388,Sales,3,2500.0,23,3,2,No,3,No
E4389,Marketing,3,10064.55,14,4,2,No,4,No
E4390,HR,3,4446.66,21,2,2,No,3,Yes
E4391,Finance,1,5639.31,12,3,1,Yes,3,No
E4392,Finance,1,2500.0,19,5,3,Yes,3,Yes
E4393,Operations,2,8821.0,22,5,2,No,5,No
E4394,HR,4,8244.92,14,3,1,Yes,4,No
E4395,Finance,2,4094.62,19,2,1,No,3,No
E4396,Operations,1,8936.57,4,3,1,Yes,2,Yes
E4397,Marketing,2,8512.99,1,3,1,No,4,No
E4398,Operations,2,5333.53,12,4,5,No,3,Yes
E4399,Engineering,5,2500.0,15,5,1,Yes,5,No
E4400,Engineering,2,6018.03,7,1,5,No,3,No
E4401,HR,3,8791.67,12,3,4,No,3,No
E4402,Operations,5,4487.08,10,2,2,No,3,Yes
E4403,Marketing,4,8878.83,10,4,2,No,4,No
E4404,HR,4,4606.62,19,2,1,Yes,3,Yes
E4405,Engineering,3,6300.79,0,4,4,No,3,Yes
E4406,Finance,2,4879.67,5,1,1,No,2,Yes
E4407,Finance,3,6844.28,21,5,4,Yes,5,No
E4408,Sales,3,8306.73,22,2,3,Yes,4,Yes
E4409,Marketing,2,10087.65,8,1,4,No,3,No
E4410,Marketing,2,6958.39,11,3,5,No,4,No
E4411,Marketing,4,3070.76,24,2,5,Yes,3,Yes
E4412,Finance,1,7890.56,11,5,1,No,3,No
E4413,Operations,4,5844.78,20,5,4,No,3,No
E4414,Sales,3,5797.53,2,4,3,No,3,No
E4415,Sales,2,6732.77,20,5,4,No,3,Yes
E4416,Sales,2,7730.24,12,1,1,No,5,Yes
E4417,Finance,2,5590.15,14,3,1,No,3,No
E4418,HR,2,7778.11,8,4,1,No,4,No
E4419,Operations,1,7390.44,20,2,1,No,5,Yes
E4420,Engineering,1,7779.72,7,3,1,No,2,No
E4421,Engineering,2,8435.67,6,5,4,No,3,No
E4422,HR,1,2500.0,10,5,2,No,4,No
E4423,Operations,1,5635.92,14,5,5,Yes,3,No
E4424,Engineering,4,6164.04,0,4,4,No,4,No
E4425,Marketing,3,5952.08,14,2,3,Yes,3,Yes
E4426,Engineering,4,4594.45,6,1,2,No,5,No
E4427,Finance,3,5064.6,10,4,5,No,3,No
E4428,Engineering,2,7646.7,5,1,4,Yes,3,No
E4429,HR,4,7513.81,14,5,5,No,4,No
E4430,Finance,3,6571.6,2,2,2,No,3,Yes
E4431,Operations,2,4291.18,18,3,5,No,3,No
E4432,Marketing,1,8391.01,6,5,2,No,3,No
E4433,Engineering,1,8232.28,4,1,4,Yes,3,No
E4434,Operations,1,8947.32,0,3,5,No,3,No
E4435,Operations,1,4780.45,24,5,5,No,3,No
E4436,Operations,4,14479.41,17,1,2,No,3,No
E4437,Finance,3,6984.11,11,4,4,No,3,No
E4438,Engineering,1,4833.69,7,4,4,No,3,No
E4439,Finance,1,11733.71,17,4,3,No,3,No
E4440,HR,2,8144.76,11,2,3,No,3,Yes
E4441,HR,2,6946.09,22,4,1,No,4,No
E4442,Engineering,3,7211.76,18,3,1,No,5,No
E4443,HR,1,9321.24,24,3,5,No,3,No
E4444,Finance,2,7054.89,21,3,1,No,5,Yes
E4445,Sales,4,2705.65,14,5,2,Yes,4,No
E4446,HR,2,6460.38,0,1,4,Yes,3,No
E4447,Finance,4,8479.06,23,4,1,No,3,No
E4448,HR,2,6394.87,6,3,5,Yes,3,No
E4449,Marketing,2,4332.68,14,3,4,No,3,No
E4450,Marketing,2,6420.01,19,5,3,No,4,Yes
E4451,HR,3,8401.36,6,3,2,Yes,2,No
E4452,Marketing,5,9307.19,19,5,1,Yes,4,No
E4453,Finance,1,4059.81,13,4,3,No,3,Yes
E4454,Engineering,2,3909.7,23,5,4,No,4,No
E4455,Operations,3,6370.41,2,4,5,No,3,No
E4456,Sales,2,4975.7,6,1,2,No,3,Yes
E4457,Finance,3,5228.0,18,1,4,Yes,3,No
E4458,Marketing,1,5908.75,22,3,1,No,3,No
E4459,Marketing,2,8185.38,5,2,1,No,3,Yes
E4460,Sales,2,4643.56,18,2,1,No,3,Yes
E4461,Marketing,2,3934.26,10,3,1,No,2,No
E4462,HR,3,4874.08,21,3,2,No,4,No
E4463,Marketing,4,3171.68,9,1,3,No,3,No
E4464,Finance,1,6615.69,23,3,1,Yes,5,No
E4465,HR,2,6740.05,5,5,1,No,3,No
E4466,HR,2,8721.99,24,1,2,No,2,No
E4467,Sales,5,4171.08,18,4,1,No,4,No
E4468,Operations,3,6770.23,5,4,4,No,5,No
E4469,HR,5,7236.9,7,4,2,Yes,4,Yes
E4470,Engineering,2,3094.43,1,1,4,Yes,3,No
E4471,Finance,3,6982.06,23,3,1,Yes,3,No
E4472,Engineering,4,7063.86,3,5,2,No,4,No
E4473,Sales,1,6218.48,0,2,5,No,3,No
E4474,Operations,4,3681.04,14,3,2,Yes,3,No
E4475,Marketing,2,6332.53,11,5,2,Yes,4,No
E4476,Marketing,5,2500.0,16,3,1,No,3,No
E4477,Marketing,1,7215.45,11,2,3,No,4,Yes
E4478,Sales,1,8131.6,5,1,4,No,5,No
E4479,Finance,1,6018.28,14,3,4,Yes,3,No
E4480,Engineering,1,9314.74,21,3,1,No,5,No
E4481,Finance,1,4966.29,2,2,2,Yes,4,No
E4482,Marketing,2,4898.38,6,2,1,Yes,4,Yes
E4483,HR,1,5887.23,21,5,2,No,3,Yes
E4484,Finance,1,11479.87,22,4,5,Yes,3,Yes
E4485,Marketing,2,5874.79,5,4,2,No,3,No
E4486,Finance,3,11215.33,20,1,3,No,2,Yes
E4487,HR,1,6415.31,9,5,5,Yes,3,No
E4488,Marketing,3,4724.19,17,2,5,No,4,Yes
E4489,Engineering,3,10796.4,14,5,2,No,4,No
E4490,HR,2,6906.35,10,5,3,No,3,No
E4491,Marketing,1,5853.07,0,2,4,Yes,2,No
E4492,Operations,3,8394.18,9,2,5,No,2,No
E4493,Marketing,3,9244.01,15,4,4,No,4,No
E4494,Engineering,2,5221.23,19,3,4,No,3,No
E4495,Engineering,2,8483.91,5,3,3,No,3,No
E4496,HR,1,6001.47,4,3,1,No,4,No
E4497,Finance,3,4341.49,19,4,4,No,3,No
E4498,Finance,3,4943.77,6,4,2,No,3,No
E4499,Finance,2,3921.68,7,3,1,No,4,No
